FORMULA	SMILES	INCHIKEY
C12H17N3O4S	[H]C(=N)NCCSC1=C(N2C(=O)[C@]([H])([C@@H](C)O)[C@@]2([H])C1)C(O)=O	ZSKVGTPCRGIANV-ZXFLCMHBSA-N	
C30H42N2O9	CO[C@H]1C[C@H](C)[C@@H](OC)C2=CC(=O)C=C(NC(=O)\C(C)=C\C=C/[C@H](OC)[C@@H](OC(N)=O)\C(C)=C\[C@H](C)[C@H]1OC)C2=O	MCAHMSDENAOJFZ-BVXDHVRPSA-N	
C34H46ClN3O10	CO[C@@H]1\C=C\C=C(C)\Cc2cc(OC)c(Cl)c(c2)N(C)C(=O)C[C@H](OC(=O)[C@H](C)N(C)C(C)=O)[C@]2(C)O[C@H]2[C@H](C)[C@@H]2C[C@@]1(O)NC(=O)O2	WKPWGQKGSOKKOO-RSFHAFMBSA-N	
C51H79NO13	[H][C@]1(CC[C@@H](O)[C@@H](C1)OC)C[C@@H](C)[C@]1([H])CC(=O)[C@H](C)\C=C(C)\[C@@H](O)[C@@H](OC)C(=O)[C@H](C)C[C@H](C)\C=C\C=C\C=C(C)\[C@H](C[C@]2([H])CC[C@@H](C)[C@@](O)(O2)C(=O)C(=O)N2CCCC[C@@]2([H])C(=O)O1)OC	QFJCIRLUMZQUOT-HPLJOQBZSA-N	
C13H17N5O8S2	C[C@H]1[C@H](NC(=O)C(=N/OC(C)(C)C(O)=O)\c2csc([NH3+])n2)C(=O)N1S([O-])(=O)=O	WZPBZJONDBGPKJ-VEHQQRBSSA-N	
C18H23N9O4S3	[H][C@]12SCC(CSc3nnnn3CCN(C)C)=C(N1C(=O)[C@@]2([H])NC(=O)Cc1csc(N)n1)C(O)=O	QYQDKDWGWDOFFU-IUODEOHRSA-N	
C30H34ClN7O10S2	[H][C@]12SCC(C[N+]3(CCNC(=O)C4=CC=C(O)C(O)=C4Cl)CCCC3)=C(N1C(=O)[C@H]2NC(=O)C(=N/OC(C)(C)C(O)=O)\C1=CSC(N)=N1)C([O-])=O	DBPPRLRVDVJOCL-FQRUVTKNSA-N	
C3NO	C1(C(N(C1(*)*)*)=O)(*)*		
C4NO	C1(C(C(C(N1*)(*)*)(*)*)(*)*)=O		
C5NO	C1(C(C(C(C(N1*)(*)*)(*)*)(*)*)(*)*)=O		
C7H8NO3R	N12[C@](CCC1C(=O)O)(C(C2=O)*)[H]		
C3H5NO	O=C1CCN1	MNFORVFSTILPAW-UHFFFAOYSA-N	
C12H14N6O10S2	NC(=O)OC[C@@H]1[C@H](NC(=O)C(=N/OCC(O)=O)\c2csc(N)n2)C(=O)N1S(O)(=O)=O	UIMOJFJSJSIGLV-JNHMLNOCSA-N	
C16H15N7O5S4	[H][C@]12SCC(CSc3cnns3)=C(N1C(=O)[C@H]2NC(=O)C(=N/OC)\c1csc(N)n1)C(O)=O	CXHKZHZLDMQGFF-ZSDSSEDPSA-N	
C4H7N3O	CN1CC(=O)NC1=N	DDRJAANPRJIHGJ-UHFFFAOYSA-N	
C5H6NO2R	[*]C1[C@H]2OCCN2C1=O		
(C6H11NO)n.C6H11NO			
C13H19N5O9S2	C[C@H](NS(O)(=O)=O)[C@H](NC(=O)C(=N/OC(C)(C)C(O)=O)\c1csc(N)n1)C(O)=O	IBLNMEMSULYOOK-VEHQQRBSSA-N	
C5H10N2O	NC1CCCNC1=O	YCCMTCQQDULIFE-UHFFFAOYSA-N	
C18H33ClN2O5S	CCC[C@@H]1C[C@H](N(C)C1)C(=O)NC(C(C)Cl)[C@H]1O[C@H](SC)[C@H](O)[C@@H](O)[C@H]1O	KDLRVYVGXIQJDK-NOWPCOIGSA-N	
C28H47NO8	CC[C@H]1OC(=O)[C@H](C)C(=O)[C@H](C)[C@@H](O[C@@H]2O[C@H](C)C[C@@H]([C@H]2O)N(C)C)[C@@H](C)C[C@@H](C)C(=O)\C=C\[C@]1(C)O	UZQBOFAUUTZOQE-VSLWXVDYSA-N	
C14H20O4	[H]C(=O)[C@H]1C(C[C@@H](O)[C@@H](O)C1=O)\C=C\C=C\CCC	MHZVWXOKIRZLCJ-RVZXZRSKSA-N	
C55H85N19O21S2	C[C@@H]([C@H](O)[C@@H](CCO)NC(=O)[C@@H](NC(=O)c1nc(nc(N)c1C)[C@H](CC(N)=O)NC[C@H](N)C(N)=O)[C@@H](O[C@@H]1O[C@@H](C)[C@@H](O)[C@H](O)[C@@H]1O[C@H]1O[C@H](CO)[C@@H](O)[C@H](OC(N)=O)[C@@H]1O)c1c[nH]cn1)C(=O)N[C@H](C(=O)NCCC1=N[C@H](CS1)c1nc(cs1)C(=O)NCCC(N)=N)C(C)(C)O	UJKRUPHWCPAJIL-CPLCKGKLSA-N	
C59H84Cl2O32	[H][C@]12CO[C@@H](O[C@@H]3O[C@H](COC)[C@@H](O[C@@H]4O[C@H](C)[C@H](OC)[C@H](O[C@H]5C[C@@]6(C)O[C@@]7(C[C@@H](O)[C@H](O[C@H]8C[C@@H](O)[C@H](OC(=O)c9c(C)c(Cl)c(O)c(Cl)c9OC)[C@@H](C)O8)[C@@H](C)O7)O[C@]6([H])[C@@H](C)O5)[C@H]4O)[C@H](O)[C@@H]3OC)[C@H](OC(C)=O)[C@]1([H])O[C@]1(O[C@H](C)[C@](O)([C@@H]3OCO[C@@H]13)C(C)=O)O2	VVIAOPGTVSECTI-QPNFVAJLSA-N	
C28H47NO9	C[C@@H](O)[C@H]1OC(=O)[C@H](C)C(=O)[C@H](C)[C@@H](O[C@@H]2O[C@H](C)C[C@@H]([C@H]2O)N(C)C)[C@@H](C)C[C@@H](C)C(=O)\C=C\[C@]1(C)O	JGNNRPWTNULSRW-BLNRMBNUSA-N	
C19H36N8O9	[H][C@@]1(N\C(N[C@]1([H])C(O)=O)=N/[C@@H]1O[C@H](CO)[C@H](OC(N)=O)[C@@H](O)[C@H]1NC(=O)C[C@@H](N)CCCN)[C@H](O)CN	AJUBASUIRHJEOK-AQLSXGMYSA-N	
C31H60N12O11	[H][C@@]1(N\C(N[C@]1([H])C(O)=O)=N/[C@@H]1O[C@H](CO)[C@H](OC(N)=O)[C@@H](O)[C@H]1NC(=O)C[C@@H](N)CCCNC(=O)C[C@@H](N)CCCNC(=O)C[C@@H](N)CCCN)[C@H](O)CN	DLWGZGTWTREZQM-UFFKCXTPSA-N	
C59H87N5O10Si	CCCCCCCCCCCCCCCC(=O)N(O)CCCCC(NC(=O)C1(C)COC(=N1)c1ccccc1O)C(=O)OC(C)CC(=O)NC1CCCCN(O[Si](c2ccccc2)(c2ccccc2)C(C)(C)C)C1=O	WYBPZAANEVFNDD-UHFFFAOYSA-N	
C9H13N2O5SR	[H][C@]1(N[C@@H](C(O)=O)C(C)(C)S1)[C@H](NC([*])=O)C(O)=O		
C16H19N2O4S	N1[C@H](C(S[C@]1([H])[C@H](NC(CC2=CC=CC=C2)=O)C(=O)*)(C)C)C(O)=O		
C16H19N2O5S	N1[C@H](C(S[C@]1([H])[C@H](NC(COC=2C=CC=CC2)=O)C(=O)*)(C)C)C(O)=O		
C16H20N3O4S	N1[C@H](C(S[C@]1([H])[C@H](NC([C@@H](C2=CC=CC=C2)N)=O)C(=O)*)(C)C)C(O)=O		
C16H20N3O5S	N1[C@H](C(S[C@]1([H])[C@H](NC([C@@H](C2=CC=C(C=C2)O)N)=O)C(=O)*)(C)C)C(O)=O		
C16H19N2O7S2	[C@H]([C@@]1(N[C@H](C(S1)(C)C)C(O)=O)[H])(C(=O)*)NC(=O)C(C2=CC=CC=C2)S(=O)(=O)O		
C17H19N2O6S	C=1C=CC(=CC1)C(C(=O)N[C@@H]([C@@]2(N[C@H](C(S2)(C)C)C(O)=O)[H])C(=O)*)C(O)=O		
C16H18N5O4S	N1[C@H](C(S[C@]1([H])[C@H](NC([C@@H](C2=CC=CC=C2)N=[N+]=[N-])=O)C(=O)*)(C)C)C(O)=O		
C17H21N2O5S	N1[C@H](C(S[C@]1([H])[C@H](NC(=O)C(C)OC=2C=CC=CC2)C(=O)*)(C)C)C(O)=O		
C19H18ClFN3O5S	N(C(=O)C=1C(=NOC1C)C2=C(C=CC=C2F)Cl)[C@@H]([C@@]3(N[C@H](C(S3)(C)C)C(O)=O)[H])C(=O)*		
C16H21N3O6S	[H][C@]1(N[C@@H](C(O)=O)C(C)(C)S1)[C@H](NC(=O)[C@H](N)c1ccc(O)cc1)C(O)=O	LHHKJQFIKHAUIA-MPPDQPJWSA-N	
C17H21N2O6S	N1[C@H](C(S[C@]1([H])[C@H](NC(C2=C(C=CC=C2OC)OC)=O)C(=O)*)(C)C)C(O)=O		
C5H9NO	O=C1CCCCN1	XUWHAWMETYGRKB-UHFFFAOYSA-N	
C6H9NO3	O=C(O)C1CCCC(=O)N1	FZXCPFJMYOQZCA-UHFFFAOYSA-N	
C15H20N2O3S	N1[C@H](C(S[C@]1([H])CNC(CC2=CC=CC=C2)=O)(C)C)C(O)=O	LRWFMQCGNBOTQP-OLZOCXBDSA-N	
C23H28N5O7S	N1[C@H](C(S[C@]1([H])[C@H](NC([C@@H](C2=CC=CC=C2)NC(N3CC(NC(C3=O)=O)CC)=O)=O)C(=O)*)(C)C)C(O)=O		
C24H36N2O9S	COC(C)C(NC(=O)[C@@H]1CCCN1C)[C@H]2O[C@H](SCCOC(=O)C3=CC=CC=C3O)[C@H](O)[C@@H](O)[C@H]2O	VMSQKUCYEMOKMM-AFJAYNRNSA-N	
C38H72N2O12	CC[C@H]1OC(=O)[C@H](C)[C@@H](O[C@H]2C[C@@](C)(OC)[C@@H](O)[C@H](C)O2)[C@H](C)[C@@H](O[C@@H]2O[C@H](C)C[C@@H]([C@H]2O)N(C)C)[C@](C)(O)C[C@@H](C)CN(C)[C@H](C)[C@@H](O)[C@]1(C)O	MQTOSJVFKKJCRP-BICOPXKESA-N	
C18H34N2O6S	CCC[C@@H]1C[C@H](N(C)C1)C(=O)N[C@H]([C@@H](C)O)[C@H]1O[C@H](SC)[C@H](O)[C@@H](O)[C@H]1O	OJMMVQQUTAEWLP-KIDUDLJLSA-N	
C17H26N8O5; C17H26N8O5	CN(CC[C@H](N)CC(=O)N[C@H]1C=C[C@@H](O[C@@H]1C(O)=O)n1ccc(N)nc1=O)C(N)=N	CXNPLSGKWMLZPZ-ZNIXKSQXSA-N	
C31H36N2O11	CO[C@@H]1[C@@H](OC(N)=O)[C@@H](O)[C@H](Oc2ccc3c(O)c(NC(=O)c4ccc(O)c(CC=C(C)C)c4)c(=O)oc3c2C)OC1(C)C	YJQPYGGHQPGBLI-KGSXXDOSSA-N	
C58H44Cl3N7O21S	N[C@@H]1c2ccc(OS(O)(=O)=O)c(Oc3cc(O)cc(c3)[C@@H]3NC(=O)[C@H](Cc4ccc(Oc5cc6cc(Oc7ccc(cc7Cl)[C@@H](O)[C@@H]7NC(=O)[C@H](NC(=O)[C@@H]6NC3=O)c3cc(Cl)c(O)c(c3)-c3c(O)cc(O)cc3[C@@H](NC7=O)C(O)=O)c5O)c(Cl)c4)NC1=O)c2	HRGFAEUWEMDRRZ-RIZHWKQXSA-N	
C73H88Cl2N10O26	CN[C@H](CC(C)C)C(=O)N[C@@H]1[C@H](O)c2ccc(Oc3cc4cc(Oc5ccc(cc5Cl)[C@@H](O[C@H]5C[C@](C)(N)[C@@H](O)[C@H](C)O5)[C@@H]5NC(=O)[C@H](NC(=O)[C@@H]4NC(=O)[C@H](CC(N)=O)NC1=O)c1ccc(O)c(c1)-c1c(O)cc(O)cc1[C@H](NC5=O)C(O)=O)c3O[C@@H]1O[C@H](CO)[C@@H](O)[C@H](O)[C@H]1O[C@H]1C[C@](C)(N)[C@@H](O)[C@H](C)O1)c(Cl)c2	XJHXLMVKYIVZTE-LOALFDMRSA-N	
C25H43NO7	CC[C@H]1OC(=O)[C@H](C)[C@@H](O[C@@H]2O[C@H](C)C[C@@H]([C@H]2O)N(C)C)[C@@H](C)C[C@@H](C)C(=O)\C=C\[C@]1(C)O	HUKYPYXOBINMND-HYUJHOPRSA-N	
C25H43NO7	C[C@@H](O)[C@H]1OC(=O)[C@H](C)[C@@H](O[C@@H]2O[C@H](C)C[C@@H]([C@H]2O)N(C)C)[C@@H](C)C[C@@H](C)C(=O)\C=C\[C@H]1C	UEIVQYHYALXCBD-OTUJEKPESA-N	
C37H47NO12	CO[C@H]1\C=C\O[C@@]2(C)Oc3c(C2=O)c2c(O)cc(NC(=O)\C(C)=C/C=C/[C@H](C)[C@H](O)[C@@H](C)[C@@H](O)[C@@H](C)[C@H](OC(C)=O)[C@@H]1C)c(O)c2c(O)c3C	HJYYPODYNSCCOU-ODRIEIDWSA-N	
C45H76N2O15	CO[C@H]1[C@@H](CC(=O)O[C@H](C)C\C=C\C=C\[C@H](O[C@H]2CC[C@@H]([C@H](C)O2)N(C)C)[C@H](C)C[C@H](CC=O)[C@@H]1O[C@@H]1O[C@H](C)[C@@H](O[C@H]2C[C@@](C)(O)[C@@H](O)[C@H](C)O2)[C@@H]([C@H]1O)N(C)C)OC(C)=O	ZPCCSZFPOXBNDL-RSMXASMKSA-N	
C53H52Cl2N8O17	CN[C@H](CC(C)C)C(=O)N[C@@H]1[C@H](O)c2ccc(Oc3cc4cc(Oc5ccc(cc5Cl)[C@@H](O)[C@@H]5NC(=O)[C@H](NC(=O)[C@@H]4NC(=O)[C@H](CC(N)=O)NC1=O)c1ccc(O)c(c1)-c1c(O)cc(O)cc1[C@H](NC5=O)C(O)=O)c3O)c(Cl)c2	JHIKFOISFAQTJQ-YZANBJIASA-N	
C25H43NO8	C[C@@H](O)[C@H]1OC(=O)[C@H](C)[C@@H](O[C@@H]2O[C@H](C)C[C@@H]([C@H]2O)N(C)C)[C@@H](C)C[C@@H](C)C(=O)\C=C\[C@]1(C)O	HYJMTIGQCJGKFQ-CGNAQTDSSA-N	
C16H19N3O6	COC1=C(C)C(=O)C2=C([C@H](COC(N)=O)[C@@]3(O)[C@@H]4[C@H](CN23)N4C)C1=O	UZUUQCBCWDBYCG-DQRAMIIBSA-N	
C28H47NO8	C[C@@H](O)[C@H]1OC(=O)[C@H](C)C(=O)[C@H](C)[C@@H](O[C@@H]2O[C@H](C)C[C@@H]([C@H]2O)N(C)C)[C@@H](C)C[C@@H](C)C(=O)\C=C\[C@H]1C	SXXXXTQMWPXIES-VJNSTPMQSA-N	
C34H54O8	[H][C@@]1(O[C@@](CC)(C[C@@H]1C)[C@@]1([H])CC[C@](O)(CC)[C@H](C)O1)[C@@H](CC)C(=O)[C@@H](C)[C@@H](O)[C@H](C)CCC1=C(C(O)=O)C(O)=C(C)C=C1	BBMULGJBVDDDNI-OWKLGTHSSA-N	
C34H35ClN2O11	C12=C(C(=C(C(O1)=O)NC(C=3C=C(C(=CC3)O)CC=C(C)C)=O)O)C=CC(=C2Cl)O[C@H]4[C@@H]([C@@H]([C@@H](OC)C(O4)(C)C)OC(=O)C=5NC=CC5)O	PKUNXGQLUGXWJB-ZQZBKPNISA-N	
C17H18N2O6S	[H][C@]12SC(C)(C)[C@@H](N1C(=O)[C@H]2NC(=O)C(C(O)=O)c1ccccc1)C(O)=O	FPPNZSSZRUTDAP-UWFZAAFLSA-N	
C19H19N3O5S	[H][C@]12SC(C)(C)[C@@H](N1C(=O)[C@H]2NC(=O)c1c(C)onc1-c1ccccc1)C(O)=O	UWYHMGVUTGAWSP-JKIFEVAISA-N	
C23H38O5	CC[C@H]1C[C@@H](C)C(=O)\C=C\C(\C)=C\[C@H](C)[C@@H](CC)OC(=O)C[C@@H](O)[C@H](C)[C@H]1O	YJSXTLYNFBFHAT-HJOMEYPASA-N	
C8H13N2O3S	N1[C@H](C(S[C@]1([H])[C@H](N)C(=O)*)(C)C)C(O)=O		
C9H13N2O4S	N1[C@H](C(S[C@]1([H])[C@H](NC(=O)[H])C(=O)*)(C)C)C(O)=O		
C19H25N3O6S2	[H][C@]1(N[C@@H](C(O)=O)C(C)(C)S1)[C@H](NC(=O)Cc1ccccc1)C(=O)N[C@@H](CS)C(O)=O	ZKVQVUUPDWIKAR-ZGMNHVEMSA-N	
C13H18N5O8S2	[C@H](NC(=O)/C(/C1=CSC(=N1)N)=N\OC(C(=O)O)(C)C)([C@H](C)NS(O)(=O)=O)C(=O)*		
C13H19N2O4S2	[H][C@]1(N[C@@H](C(O)=O)C(C)(C)S1)[C@H](NC(=O)CSCC=C)C(C)=O		
C17H19N2O6S	N1([C@H](C(S[C@]1([H])[C@H](NC(CC2=CC=CC=C2)=O)C(=O)O)(C)C)C(O)=O)C(=O)*		
C26H42N2O6	N1(C(C(C/C=C\CCCC(=O)O)=C(C1=O)\C=C\[C@H](CCCCC)O)C)CCCC[C@@H](C(=O)O)N	JDBQHWGQSADILV-ZATLTPIUSA-N	
C20H27N5O2	O=C1CCc2cc(OCCCCc3nnnn3C3CCCCC3)ccc2N1	RRGUKTPIGVIEKM-UHFFFAOYSA-N	
C3H2NOR3	C1(C(N(*)C1*)=O)*		
C5H7NOS	[H][C@@]12CC(=O)N1CCS2	WSHJJCPTKWSMRR-RXMQYKEDSA-N	
C15H24N2O7S	CC(C)[C@H](O)[C@]1(NC(=O)[C@H](C)[C@@H]1O)C(=O)SC[C@H](NC(C)=O)C(O)=O	DAQAKHDKYAWHCG-RWTHQLGUSA-N	
C20H30N4O5S	[H][C@]1(N[C@@H](C(O)=O)C(C)(C)S1)[C@H](NC(=O)[C@H](N)c1ccc(O)cc1)C(=O)NCCCC	SHISHHBVUCCUJC-ZXFNITATSA-N	
C34H49N5O12	COC(=O)CCCCCC(=O)N(O)CCCCC(NC(=O)C1COC(=N1)c1ccccc1O)C(=O)OC(C)CC(=O)NC1CCCCN(O)C1=O	CICZEXPNYSZNEI-UHFFFAOYSA-N	
C47H75N5O8	CCCCCCCCCCCCCCCCC\C=C/C(=O)NCCCCC(NC(=O)C1(C)COC(=N1)c1ccccc1O)C(=O)OC(C)CC(=O)NC1CCCCNC1=O	JLBSVDZUWJLOCF-GTWSWNCMSA-N	
C27H42N2O5S	[H][C@]12C[C@H](NC(=O)C[C@H](O)C(C)(C)C(=O)[C@H](C)[C@@H](O)[C@@H](C)CCC[C@@]1(C)O2)C(\C)=C\c1csc(C)n1	FABUFPQFXZVHFB-PVYNADRNSA-N	
C34H27Br5N4O8	O\N=C1/Cc2cc(Br)c(Oc3cc(C\C(C(=O)NCCc4ccc(Br)c(Oc5ccc(CCNC1=O)c(Br)c5O)c4)=N/O)cc(Br)c3O)c(Br)c2	RINLQEBBENMFQH-FFVIWPAXSA-N	
C34H25Br5N4O8	O\N=C1/Cc2cc(Br)c(Oc3cc(C\C(C(=O)N\C=C\c4ccc(Br)c(Oc5ccc(CCNC1=O)c(Br)c5O)c4)=N/O)cc(Br)c3O)c(Br)c2	NWOWVTKBRVUTEE-PBUNXQQKSA-N	
C35H47NO10	C[C@H]1\C=C\C=C(C)/C(=O)NC2=CC(=O)C3=C(C(O)C(C)C(O)=C3C(=O)\C(C)=C/[C@H](C)[C@H](O)[C@@H](C)[C@@H](O)[C@H](C)[C@H](O)[C@H](C)[C@H]1O)C2=O	MHOUUNHTVCQAIF-BTYVTDDSSA-N	
C20H18N2O5R2	C=1C=CC=C(C1)CC2(C3=C(C(N4C2(CCC4=O)O)C(N*)=O)C=C(C=C3O)O)*		
C47H73NO17	[H][C@]12C[C@@H](O[C@@H]3O[C@H](C)[C@@H](O)[C@H](N)[C@@H]3O)\C=C\C=C\C=C\C=C\C=C\C=C\C=C\[C@H](C)[C@@H](O)[C@@H](C)[C@H](C)OC(=O)C[C@H](O)C[C@H](O)CC[C@@H](O)[C@H](O)C[C@H](O)C[C@](O)(C[C@H](O)[C@H]1C(O)=O)O2	APKFDSVGJQXUKY-INPOYWNPSA-N	
C22H20N4O8S2	[H][C@]12SCC(C[n+]3ccc(cc3)C(N)=O)=C(N1C(=O)[C@H]2NC(=O)[C@@H](c1ccccc1)S(O)(=O)=O)C([O-])=O	SYLKGLMBLAAGSC-QLVMHMETSA-N	
C25H43N13O10	[H][C@@]1(C[C@H](O)NC(=N)N1)[C@]1([H])NC(=O)\C(NC(=O)[C@H](CO)NC(=O)[C@H](CO)NC(=O)[C@H](CNC1=O)NC(=O)C[C@@H](N)CCCN)=C\NC(N)=O	GXFAIFRPOKBQRV-GHXCTMGLSA-N	
C22H24N2O8	[H][C@@]12C[C@@]3([H])C(C(=O)c4c(O)cccc4[C@@]3(C)O)=C(O)[C@]1(O)C(=O)C(C(N)=O)=C(O)[C@H]2N(C)C	OFVLGDICTFRJMM-WESIUVDSSA-N	
C31H48O6	[H][C@@]12CC[C@@]3(C)[C@@]([H])([C@H](O)C[C@@]4([H])\C([C@H](C[C@]34C)OC(C)=O)=C(/CCC=C(C)C)C(O)=O)[C@@]1(C)CC[C@@H](O)[C@H]2C	IECPWNUMDGFDKC-MZJAQBGESA-N	
C32H43ClN2O9	[H][C@@]12C[C@@](O)(NC(=O)O1)[C@H](OC)\C=C\C=C(C)\Cc1cc(OC)c(Cl)c(c1)N(C)C(=O)C[C@H](OC(=O)C(C)C)[C@]1(C)O[C@@]1([H])[C@@H]2C	OPQNCARIZFLNLF-JBHFWYGFSA-N	
C27H29NO11	CC[C@@]1(O)C[C@H](O[C@H]2C[C@H](N)[C@H](O)[C@H](C)O2)c2c(O)c3C(=O)c4c(O)cccc4C(=O)c3c(O)c2[C@H]1C(O)=O	MMYTYGXIKKVLES-AGMCFEMXSA-N	
C26H29NO10	C1(O)=C2C(C(C=3C(=CC=CC3O)C2=O)=O)=C(O)C4=C1C[C@](C[C@@H]4O[C@H]5C[C@@H]([C@@H]([C@@H](O5)C)O)N)([C@@H](C)O)O	YXBSCYMMPXQFDS-LBIZDXDESA-N	
C42H69NO15	CO[C@H]1[C@@H](CC(=O)O[C@H](C)C\C=C\C=C\[C@H](O)[C@H](C)C[C@H](CC=O)[C@@H]1O[C@@H]1O[C@H](C)[C@@H](O[C@H]2C[C@@](C)(O)[C@@H](OC(=O)CC(C)C)[C@H](C)O2)[C@@H]([C@H]1O)N(C)C)OC(C)=O	XJSFLOJWULLJQS-NGVXBBESSA-N	
C32H44N2O9	CNC(=O)[C@@H](C)[C@@H]1N([C@@H]2CC[C@H](O)[C@H](C)O2)C(=O)\C(=C(\O)/C=C/C(/C)=C/[C@@H](C)[C@H]2O[C@@]3(C)O[C@H](C=C[C@@]33CO3)[C@@H]2C)C1=O	KVTPRMVXYZKLIG-NCAOFHFGSA-N	
C16H24O4	[H][C@@]12C[C@H](O)C[C@@]1([H])[C@H](O)\C=C\C(=O)O[C@@H](C)CCC\C=C\2	KQNZDYYTLMIZCT-KQPMLPITSA-N	
C16H14O6	C[C@@H]1O[C@@H](CC(O)=O)CC2=C1C(=O)c1c(O)cccc1C2=O	ZCJHPTKRISJQTN-JGVFFNPUSA-N	
C19H18ClN3O5S	[H][C@]12SC(C)(C)[C@@H](N1C(=O)[C@H]2NC(=O)c1c(C)onc1-c1ccccc1Cl)C(O)=O	LQOLIRLGBULYKD-JKIFEVAISA-N	
C15H16O5	[H][C@@]12COC(=O)[C@]3(CO3)[C@@]11C=C(C)[C@@H](C)[C@@]1([H])C=C2C(O)=O	NUPNVWUYFVEAIT-UJJBCWTCSA-N	
C42H53NO15	CC[C@@]1(O)C[C@H](O[C@H]2C[C@@H]([C@H](O[C@H]3C[C@H](O)[C@H](O[C@H]4CCC(=O)[C@H](C)O4)[C@H](C)O3)[C@H](C)O2)N(C)C)c2c(O)c3C(=O)c4c(O)cccc4C(=O)c3cc2[C@H]1C(=O)OC	USZYSDMBJDPRIF-SVEJIMAYSA-N	
C3H6N2O2	[H][C@]1(N)CONC1=O	DYDCUQKUCUHJBH-REOHCLBHSA-N	
C28H31NO11	CC[C@@]1(O)C[C@H](O[C@H]2C[C@H](N)[C@H](O)[C@H](C)O2)c2c(O)c3C(=O)c4c(OC)cccc4C(=O)c3c(O)c2[C@H]1C(O)=O	ROYGEIBVSIXOBH-QWWLYEKJSA-N	
C6H14N2O3R2	[NH3+][C@H]1C[C@@H]([NH3+])[C@H](O[*])[C@@H](O)[C@@H]1O[*]		
C45H74BNO15	CC(C)[C@@H]([NH3+])C(=O)O[C@H](C)[C@@H]1C\C=C/CC[C@H](O)C(C)(C)[C@@H]2CC[C@@H](C)[C@@]3(O[B-]45O[C@H]3C(=O)O[C@H]3C[C@@H](CCC[C@@H](O)C(C)(C)[C@@H]6CC[C@@H](C)[C@@](O4)(O6)[C@@H](O5)C(=O)O1)O[C@@H]3C)O2	OOBFYEMEQCZLJL-IIWQOWOFSA-O	
C41H70O12	CO[C@H]1[C@@H](C)[C@H](O[C@@](O)([C@H](C)C(O)=O)[C@@H]1C)[C@H](C)[C@H]1O[C@@]2(CC[C@](C)(O2)[C@H]2CC[C@](C)(O2)[C@@H]2O[C@H](C[C@@H]2C)[C@H]2O[C@](C)(O)[C@H](C)C[C@@H]2C)C[C@H](O)[C@H]1C	WWEDNBWYGGJQOV-RIWLGXEFSA-N	
C48H84O14	CC[C@@H]1O[C@H](CC[C@@]1(C)O)[C@]1(C)C[C@@H](C)[C@@](O)(O1)[C@]1(C)CC[C@H](O1)[C@@H](O)[C@]1(O)O[C@H](C[C@@]2(O)O[C@H](CC[C@@H]2C)[C@@H](C)[C@H](O)C[C@@H]2O[C@H]([C@@H](C)C(O)=O)[C@@H](C)C[C@H]2C)[C@@H](C)C[C@H]1C	WWDHGOLBPBWCNJ-GXXSWWTOSA-N	
C36H45NO13	CC[C@@]1(O)C[C@H](O[C@H]2C[C@@H]([C@H](O[C@H]3C[C@H](O)[C@H](O)[C@H](C)O3)[C@H](C)O2)N(C)C)c2c(O)c3C(=O)c4c(O)cccc4C(=O)c3cc2[C@H]1C(=O)OC	DNZPQXXGAMXDHH-FCNQEGBTSA-N	
C30H31NO10	COc1cc(O)c2c(O)c3C(=O)[C@]4(O)C(=O)C(C(N)=O)=C(O)C[C@]4(O)[C@@H](O)c3c3C[C@@]4(c1c23)C(C)=CCCC4(C)C	SUWQGLGDFGHZNH-WBWZXODPSA-N	
C61H88Cl2O32	COC[C@H]1O[C@@H](O[C@@H]2OC[C@@H]3O[C@]4(O[C@H]3[C@H]2OC(=O)C(C)C)O[C@H](C)[C@](O)([C@@H]2OCO[C@@H]42)C(C)=O)[C@@H](OC)[C@@H](O)[C@@H]1O[C@@H]1O[C@H](C)[C@H](OC)[C@H](O[C@H]2C[C@@]3(C)OC4(C[C@@H](O)[C@H](O[C@H]5C[C@@H](O)[C@H](OC(=O)c6c(C)c(Cl)c(O)c(Cl)c6OC)[C@@H](C)O5)[C@@H](C)O4)O[C@@H]3[C@@H](C)O2)[C@H]1O	XIRGHRXBGGPPKY-FCNCREMHSA-N	
C20H18N2O7S2	S1S[C@@]23N(C(=O)[C@]14N(C2=O)[C@]5(C(C4)=COC=C[C@@H]5OC(=O)C)[H])[C@]6(C(C3)=COC=C[C@@H]6O)[H]	HXWOWBFXYUFFKS-PSJNWGMYSA-N	
C21H37N5O14	O1[C@]([C@H](O[C@@H]2O[C@@H]([C@@H](O)[C@H](N)[C@H]2O)CO)[C@@H](O)[C@@H](O)[C@H](O)[C@H](O)CO)([C@@H](N)[C@H](O)[C@@H](O)[C@@H]1N3C(=O)N=C(N)C=C3)[H]	VQQSDVBOXQHCHU-SKPOXZENSA-N	
C24H33N3O7	OC1=C2N[C@@H]([C@]3(N(C=C(/C=C/C)C3)C(=O)C2=CC(=C1C)O[C@H]4[C@@H]([C@]([C@H]([C@@H](O4)C)NC)(C)O)O)[H])O	RAGFPHFDFVNLCG-INYQBOQCSA-N	
C20H34O	[C@]123[C@H](C[C@](C[C@H]([C@@]([C@@]1(CCC2)[H])(C(CC3)C)C)O)(C)C=C)C	OPVUAGGKMBXOGV-IQWJVPKTSA-N	
C47H75NO17	C[C@@H]1OC(=O)CC(O)CC(O)CC(O)CCC(O)C(O)C[C@]2(O)CC(O)C(C(CC(O[C@H]3O[C@H](C)[C@@H](O)[C@H](N)[C@@H]3O)\C=C\C=C\C=C\C=C\CC\C=C\C=C\[C@H](C)[C@@H](O)[C@H]1C)O2)C(O)=O	VQOXZBDYSJBXMA-RKEBNKJGSA-N	
C16H18N2O7S2	[H][C@]12SC(C)(C)[C@@H](N1C(=O)[C@H]2NC(=O)C(c1ccccc1)S(O)(=O)=O)C(O)=O	JETQIUPBHQNHNZ-OAYJICASSA-N	
C25H43NO6	CC[C@H]1OC(=O)[C@H](C)[C@@H](O[C@@H]2O[C@H](C)C[C@@H]([C@H]2O)N(C)C)[C@@H](C)C[C@@H](C)C(=O)\C=C\[C@H]1C	DZGHWPQKGWXOHD-NHLONWFASA-N	
C8H15N2O4R2	CC(=O)N[C@H]1C[C@@H]([NH3+])[C@H](O[*])[C@@H](O)[C@@H]1O[*]		
C28H36N2O7	CCC(C)CC\C=C(/C)C(=O)NC1=C[C@@](O)(\C=C\C=C\C=C\C(=O)NC2=C(O)CCC2=O)[C@H](O)CC1=O	LTZQMADYCMVTKI-UVJPKDHBSA-N	
C30H40N2O7	CCCCC(C)CC(C)\C=C\C(=O)NC1=C[C@@](O)(\C=C\C=C\C=C\C(=O)NC2=C(O)CCC2=O)[C@H](O)CC1=O	VAHXVYDDBKCOFD-NGQXCVFISA-N	
C34H26Br6N4O8	O\N=C1/Cc2cc(Br)c(Oc3cc(C\C(C(=O)NCCc4ccc(Br)c(Oc5ccc(CCNC1=O)c(Br)c5O)c4Br)=N/O)cc(Br)c3O)c(Br)c2	PKTKAHOYUVDXHU-ADHDEERNSA-N	
C7H4NO3R3	[H][C@@]12C([*])C(=O)N1C(C(O)=O)=C([*])C2[*]		
C24H21F2NO3	[H][C@]1(CC[C@H](O)c2ccc(F)cc2)C(=O)N(c2ccc(F)cc2)[C@]1([H])c1ccc(O)cc1	OLNTVTPDXPETLC-XPWALMASSA-N	
C11H18N2O3S	C1(C(N2C1CC(C2C(O)=O)SCCN)=O)CC	OJZAYZYCCIMRRC-UHFFFAOYSA-N	
C10H16N2O3S	C1(C(N2C1CC(C2C(O)=O)SCCN)=O)C	RFDLXEYGELAYRI-UHFFFAOYSA-N	
C9H14N2O3S	C1C(N2C1CC(C2C(O)=O)SCCN)=O	WSFRFSBEAWNRAE-UHFFFAOYSA-N	
C7H12N2O4	OC([C@H]1NC([C@](CC1)(CN)O)=O)=O	ROTDGSCRRKYCRZ-FFWSUHOLSA-N	
C16H20N3O6S	N1[C@H](C(S[C@]1([H])[C@H](NC([C@@H](C2=CC=C(C=C2)O)N)=O)C(=O)O)(C)C)C([O-])=O	LHHKJQFIKHAUIA-MPPDQPJWSA-M	
C11H19N3O6	C[C@H]([C@H](NC([C@H]1NC([C@](CC1)(CN)O)=O)=O)C(=O)O)O	ZVGWGRIWDBHNIQ-WDOVLDDZSA-N	
C29H41N7O9S	N1[C@H](C(S[C@]1([H])[C@H](NC([C@@H](C2=CC=CC=C2)NC(N3CC(NC(C3=O)=O)CC)=O)=O)C(=O)NCCCC[C@@H](C(=O)O)N)(C)C)C(O)=O	MUXYQPRHGVEREQ-NBPNOZGJSA-N	
C25H31ClFN5O7S	N(C(=O)C=1C(=NOC1C)C2=C(C=CC=C2F)Cl)[C@@H]([C@@]3(N[C@H](C(S3)(C)C)C(O)=O)[H])C(=O)NCCCC[C@@H](C(=O)O)N	NOARVYOPBAIMKR-GJLBYMJHSA-N	
C22H33N5O7S	N1[C@H](C(S[C@]1([H])[C@H](NC([C@@H](C2=CC=C(C=C2)O)N)=O)C(=O)NCCCC[C@@H](C(=O)O)N)(C)C)C(O)=O	JWADYUAJQSFISV-IPXJXJKCSA-N	
C22H32N4O6S	N1[C@H](C(S[C@]1([H])[C@H](NC(CC2=CC=CC=C2)=O)C(=O)NCCCC[C@@H](C(=O)O)N)(C)C)C(O)=O	WJEDAXQWYZLHII-LKCYJCQHSA-N	
C19H31N7O10S2	[C@H](NC(=O)/C(/C1=CSC(=N1)N)=N\OC(C(=O)O)(C)C)([C@H](C)NS(O)(=O)=O)C(=O)NCCCC[C@@H](C(=O)O)N	DJXBNNDQGAISJX-ADHBCBEZSA-N	
C29H40N2O9	CO[C@H]1C[C@H](C)CC2=C(OC)C(=O)C=C(NC(=O)\C(C)=C\C=C/[C@H](OC)[C@@H](OC(N)=O)\C(C)=C\[C@H](C)[C@H]1O)C2=O	QTQAWLPCGQOSGP-KSRBKZBZSA-N	
C44H69NO12	CO[C@@H]1C[C@@H](CC[C@H]1O)\C=C(/C)[C@H]1OC(=O)[C@@H]2CCCCN2C(=O)C(=O)[C@]2(O)O[C@H]([C@H](C[C@@H](C)C\C(C)=C\[C@@H](CC=C)C(=O)C[C@H](O)[C@H]1C)OC)[C@H](C[C@H]2C)OC	QJJXYPPXXYFBGM-LFZNUXCKSA-N	
C38H46N2O4	CCc1c(C)c2c([C@@H](C)C[C@@]2(C)O)c(C)c1C1=C\C(C(=O)N1)=C1\C=C(NC1=O)c1c(C)c2[C@H](C)C[C@](C)(O)c2c(C)c1CC	BIILLAVODXFDEL-NBGPHLIOSA-N	
C35H48ClN3O10S	CO[C@@H]1\C=C\C=C(C)\Cc2cc(OC)c(Cl)c(c2)N(C)C(=O)C[C@H](OC(=O)[C@H](C)N(C)C(=O)CCS)[C@]2(C)O[C@H]2[C@H](C)[C@@H]2C[C@@]1(O)NC(=O)O2	ANZJBCHSOXCCRQ-FKUXLPTCSA-N	
C22H31NO4	C1C[C@H](C[C@@]2([C@@]1([C@@]([C@@](C=C2)(/C=C/C)[H])(\C(\O)=C/3\C(N([C@H](C3=O)CO)C)=O)C)[H])[H])C	QNQBPPQLRODXET-HMHJLHGTSA-N	
C16H21N3O8S	[H][C@]12SCC(COC(C)=O)=C(N1C(=O)[C@H]2NC(=O)CCC[C@@H](N)C(O)=O)C(O)=O	HOKIDJSKDBPKTQ-GLXFQSAKSA-N	
C31H53NO8	CC[C@H]1C[C@@H](C)C(=O)\C=C\C(C)=C\[C@H](C)[C@@H](CC)OC(=O)C[C@@H](O)[C@H](C)[C@H]1O[C@@H]1O[C@H](C)[C@@H](O)[C@@H]([C@H]1O)N(C)C	BMKVJAXXBOWJEE-BPFVPZITSA-N	
C19H14O5	C[C@]1(O)CC(=O)c2c(C1)ccc1C(=O)c3c(O)cccc3C(=O)c21	UGEKKXLEYACFTD-LJQANCHMSA-N	
C18H19N3O6S	[H][C@]12SCC(COC(C)=O)=C(N1C(=O)[C@H]2NC(=O)[C@H](N)c1ccccc1)C(O)=O	FUBBGQLTSCSAON-PBFPGSCMSA-N	
C8H9NO5	[H][C@@]12CC(=O)N1[C@@H](C(O)=O)\C(O2)=C\CO	HZZVJAQRINQKSD-PBFISZAISA-N	
C30H38N2O7	CCCCC(C)\C=C(C)\C=C\C(=O)NC1=C[C@@](O)(\C=C\C=C\C=C\C(=O)NC2=C(O)CCC2=O)[C@H](O)CC1=O	WDPVYGCEBGDANZ-CXLBDHTJSA-N	
C31H51NO9	CC[C@H]1OC(=O)C[C@@H](O)[C@H](C)[C@@H](O[C@@H]2O[C@H](C)[C@@H](O)[C@@H]([C@H]2O)N(C)C)[C@@H](CC=O)C[C@@H](C)C(=O)\C=C\C(C)=C\[C@@H]1C	FERSDKADYZRIAA-CQGKBTLCSA-N	
C31H51NO10	CC[C@H]1OC(=O)C[C@@H](O)[C@H](C)[C@@H](O[C@@H]2O[C@H](C)[C@@H](O)[C@@H]([C@H]2O)N(C)C)[C@@H](CC=O)C[C@@H](C)C(=O)\C=C\C(C)=C\[C@@H]1CO	WGUJDBLMJBJUQU-VKRLOHBMSA-N	
C31H51NO9	[C@@H]1([C@H](C[C@H](C(C=CC(=C[C@@H]([C@H](OC(C[C@H]([C@@H]1C)O)=O)CC)C)C)=O)C)CC=O)O[C@H]2[C@H](O)[C@H]([C@@H]([C@H](O2)C)O)N(C)C	FERSDKADYZRIAA-CQGKBTLCSA-N	
C32H26O14	C[C@H]1O[C@H](CC(O)=O)CC2=C1C(=O)C1=C(C(O)=CC(=C1O)C1=C(O)C3=C(C(O)=C1)C(=O)C1=C([C@@H](C)O[C@H](CC(O)=O)C1)C3=O)C2=O	VTIKDEXOEJDMJP-WYUUTHIRSA-N	
C15H18N4O4S	[H][C@]12[C@@H](C)C(SC3Cn4cnc[n+]4C3)=C(N1C(=O)[C@]2([H])[C@@H](C)O)C([O-])=O	MRMBZHPJVKCOMA-YJFSRANCSA-N	
C43H42ClN3O13	[H][C@@]1(O[C@]23C=CC=C2C#CC2=CC#C[C@@]3([H])OC3=C(Cl)C=C(C=C3O)[C@@H](N)CC(=O)OC[C@@H]2OC(=O)C2=CC(OC)=CC3=C2NC(=O)C(=C)O3)OC(C)(C)[C@H]([C@@H](O)[C@H]1O)N(C)C	DGGZCXUXASNDAC-QQNGCVSVSA-N	
C16H19N3O4S	[H][C@]12SCC(C)=C(N1C(=O)[C@H]2NC(=O)[C@H](N)C1=CCC=CC1)C(O)=O	RDLPVSKMFDYCOR-UEKVPHQBSA-N	
C55H59N5O20	CO[C@@H]1[C@@H](OC(=O)c2ccc(C)[nH]2)[C@@H](O)[C@H](Oc2ccc3c(O)c(NC(=O)c4c[nH]c(C(=O)Nc5c(O)c6ccc(O[C@@H]7OC(C)(C)[C@H](OC)[C@@H](OC(=O)c8ccc(C)[nH]8)[C@H]7O)c(C)c6oc5=O)c4C)c(=O)oc3c2C)OC1(C)C	WTIJXIZOODAMJT-DHFGXMAYSA-N	
C40H68O11	[H][C@@]1(CC[C@H](C)[C@@]([H])(O1)[C@@H](C)C(O)=O)C[C@@H]1C[C@@H](OC)[C@@H](C)[C@]2(O1)O[C@@](C)(C[C@H]2C)[C@@]1([H])CC[C@](C)(O1)[C@]1([H])O[C@]([H])(C[C@@H]1C)[C@@]1([H])O[C@@](O)(CO)[C@H](C)C[C@@H]1C	DANUORFCFTYTSZ-SJSJOXFOSA-N	
C47H75NO17	CC1OC(=O)CC(O)CC(O)CC(O)CCC(O)C(O)CC(=O)CC(O)C(C(O)CC(OC2O[C@H](C)[C@@H](O)[C@H](N)[C@@H]2O)\C=C\C=C\C=C\C=C\CC\C=C\C=C\C(C)C(O)C1C)C(O)=O	ZDFDJJJGIRGMBE-AFARJNEBSA-N	
C13H10N2O	C[N+]1=C2C=CC=CC2=NC2=C1C=CC=C2[O-]	YNCMLFHHXWETLD-UHFFFAOYSA-N	
C14H36Cl2N2O12	O.O.O.O.O.Cl.Cl.CN[C@@H]1[C@H](O)[C@H](NC)[C@H]2O[C@]3(O)[C@@H](O[C@H](C)CC3=O)O[C@@H]2[C@H]1O	DCHJOVNPPSBWHK-UXXUFHFZSA-N	
C25H22N4O8	COc1ccc(c(O)c1OC)-c1c(C)c(nc(c1N)-c1ccc2C(=O)C(OC)=C(N)C(=O)c2n1)C(O)=O	PVYJZLYGTZKPJE-UHFFFAOYSA-N	
C8H15N3O7	CN(N=O)C(=O)N[C@H]1[C@@H](O)O[C@H](CO)[C@@H](O)[C@@H]1O	ZSJLQEPLLKMAKR-GKHCUFPYSA-N	
C17H13N3O5S2	C1(=C(C=CC=C1)C(=O)O)C(NC2=CC=C(S(NC3=NC=CS3)(=O)=O)C=C2)=O	PBMSWVPMRUJMPE-UHFFFAOYSA-N	
C44H73NO17	CC[C@H]1OC(=O)C[C@@H](O)[C@H](C)[C@@H](O[C@@H]2O[C@H](C)[C@@H](O[C@H]3C[C@@](C)(O)[C@@H](O)[C@H](C)O3)[C@@H]([C@H]2O)N(C)C)[C@@H](CC=O)C[C@@H](C)C(=O)\C=C\C(\C)=C\[C@@H]1CO[C@@H]1O[C@H](C)[C@@H](O)[C@@H](O)[C@H]1O	ALZAOGATQMXJKX-UQRCBBHQSA-N	
C45H75NO17	CC[C@H]1OC(=O)C[C@@H](O)[C@H](C)[C@@H](O[C@@H]2O[C@H](C)[C@@H](O[C@H]3C[C@@](C)(O)[C@@H](O)[C@H](C)O3)[C@@H]([C@H]2O)N(C)C)[C@@H](CC=O)C[C@@H](C)C(=O)\C=C\C(\C)=C\[C@@H]1CO[C@@H]1O[C@H](C)[C@@H](O)[C@@H](O)[C@H]1OC	UFUYRGNJTFAODM-HQCAVAADSA-N	
C22H29N7O5	COc1ccc(C[C@H](N)C(=O)N[C@@H]2[C@@H](CO)O[C@H]([C@@H]2O)n2cnc3c(ncnc23)N(C)C)cc1	RXWNCPJZOCPEPQ-NVWDDTSBSA-N	
C43H58N4O12	CO[C@H]1\C=C\O[C@@]2(C)Oc3c(C)c(O)c4c(O)c(NC(=O)\C(C)=C/C=C/[C@H](C)[C@H](O)[C@@H](C)[C@@H](O)[C@@H](C)[C@H](OC(C)=O)[C@@H]1C)c(\C=N\N1CCN(C)CC1)c(O)c4c3C2=O	JQXXHWHPUNPDRT-WLSIYKJHSA-N	
C69H107N4O35P	C[C@H]1O[C@@H](O[C@H]2[C@H](O)[C@@H](NC(C)=O)[C@@H](O[C@@H]2CO[C@@H]2O[C@H](CO)[C@@H](O)[C@H](O)[C@H]2O)O[C@H]2[C@H](O[C@H](C(O)=O)[C@@](C)(O)[C@@H]2OC(N)=O)OP(O)(=O)OC[C@@H](OC\C=C(/C)CC\C=C\C(C)(C)CCC(=C)C\C=C(/C)CCC=C(C)C)C(O)=O)[C@H](NC(C)=O)[C@@H](O)[C@@H]1O[C@@H]1O[C@@H]([C@H](O)[C@H](O)[C@H]1O)C(=O)NC1=C(O)CCC1=O	PERZMHJGZKHNGU-JGYWJTCASA-N	
C20H34O7	C[C@H]1C[C@@]2(CO2)C(=O)[C@H](C)[C@@H](O)[C@@H](C)[C@@H](C)OC(=O)[C@H](C)[C@@H](O)[C@H](C)[C@H]1O	PFDLUBNRHMFBGI-HRVFELILSA-N	
C26H27NO10	C[C@@H]1O[C@H](C[C@H](N)[C@@H]1O)O[C@H]1C[C@@](O)(Cc2c(O)c3C(=O)c4cccc(O)c4C(=O)c3c(O)c12)C(C)=O	XREUEWVEMYWFFA-CSKJXFQVSA-N	
C35H59NO13	CO[C@H]1[C@H](O)CC(=O)O[C@H](C)C\C=C\C=C\[C@H](O)[C@H](C)C[C@H](CC=O)[C@@H]1O[C@@H]1O[C@H](C)[C@@H](O[C@H]2C[C@@](C)(O)[C@@H](O)[C@H](C)O2)[C@@H]([C@H]1O)N(C)C	XYJOGTQLTFNMQG-KJHBSLKPSA-N	
C20H40N4O10	CN[C@@H]1[C@@H](O)[C@H](OC[C@]1(C)O)O[C@H]1[C@H](N)C[C@H](N)[C@@H](O[C@H]2O[C@H](C(C)O)[C@@H](O)[C@H](O)[C@H]2N)[C@@H]1O	BRZYSWJRSDMWLG-CAXSIQPQSA-N	
C39H49NO16	[H][C@@]12OC3=C(C=C(O)C4=C3C(=O)C3=C(C(O)=C5[C@H](C[C@](C)(O)[C@H](C(=O)OC)C5=C3)O[C@@H]3O[C@@H](C)[C@H](OC)[C@@](C)(OC)[C@H]3OC)C4=O)[C@@](C)(O1)[C@H](O)[C@H]([C@@H]2O)N(C)C	KGTDRFCXGRULNK-JYOBTZKQSA-N	
C14H18N4O3	C=1(CC=2C(=NC(N)=NC2)N)C=C(C(OC)=C(C1)OC)OC	IEDVJHCEMCRBQM-UHFFFAOYSA-N	
C13H18N2O4S2	[H][C@]12SC(C)(C)[C@@H](N1C(=O)[C@H]2NC(=O)CSCC=C)C(O)=O	QULKGELYPOJSLP-WCABBAIRSA-N	
C11H13N3O3S	Cc1nc(NS(=O)(=O)c2ccc(N)cc2)oc1C	CYFLXLSBHQBMFT-UHFFFAOYSA-N	
C6H6O2	CC(=O)c1ccco1	IEMMBWWQXVXBEU-UHFFFAOYSA-N	
C12H18N2O7	C[C@](O)(CO)[C@H](O)[C@@]12NC(=O)[C@@](O)(NC1=O)C(=C)CCO2	WOUDXEYYJPOSNE-VKZDFBPFSA-N	
C45H68N2O16	[H][C@@]1(C[C@]2(C)[C@]([H])(CC[C@@]3(C)[C@H](C[C@H](OC)[C@H](N)C(O)=O)C(C)=CC[C@]23[H])C(C)(C)[C@@H]1O)O[C@@H]1O[C@@H](C)[C@H](OC(=O)c2cccc(O)c2)[C@@H](O[C@]2([H])O[C@H](CO)[C@@H](O)[C@H](O)[C@H]2NC(C)=O)[C@H]1O	SAZHWKBRJJLWKC-YFSQLXLCSA-N	
C57H98O24	[H][C@]12C[C@@H](O)C[C@@H](CCC[C@H](O)[C@]3([H])O[C@@]3([H])[C@H](C)[C@]([H])(OC(=O)\C=C\C[C@H](O)C[C@H](O)C[C@@H](O)CC[C@@H](C)[C@H](O)C[C@](O)(O1)[C@H](O)[C@@H](O)C2)[C@@H](C)[C@@H](O)[C@H](C)[C@@H](O)[C@@H](C)[C@H](C)O[C@H]1C[C@H](OC(=O)CCCC)[C@H](O)[C@H](C)O1)OC(=O)CC(O)=O	MVSIZSYJQDRVAV-XMTLADTRSA-N	
C59H104O23	[H][C@]12C[C@@H](O)C[C@@H](CCC[C@H](O)[C@]3([H])O[C@@]3([H])[C@H](C)[C@]([H])(OC(=O)\C=C\C[C@H](O)C[C@H](O)C[C@@H](O)CC[C@@H](C)[C@H](O)C[C@](O)(O1)[C@H](O)[C@@H](O)C2)[C@@H](C)[C@@H](O)[C@H](C)[C@@H](O)[C@@H](C)[C@H](C)O[C@H]1C[C@H](OC)[C@H](OC)[C@H](C)O1)OC(=O)C(CCCC)C(=O)OC	AXFOSMASHUQEMX-QWVZVQMISA-N	
C45H64O18	[H][C@]1(O[C@@H](O[C@]2([H])[C@@H](CO)O[C@@H](Oc3c(O)cc(O)cc3CO)[C@H](O)[C@H]2OC(=O)\C=C\C=C\CC(O)\C=C\C=C\CCCCC)[C@H](O)[C@H]1O)[C@H](O)COC(=O)\C=C\C=C/CCC(O)CC	YMDCFNDLUOCAGK-WTKRVALCSA-N	
C38H34N6O8	COc1c(O)c2N(CCc2c2cc([nH]c12)C(=O)N1CCc2c1c(O)c(OC)c1[nH]c(cc21)C(=O)N1CC2CC22C1=CC(=O)c1[nH]cc(C)c21)C(C)=O	XUBJLJZOSKJNMY-UHFFFAOYSA-N	
C30H48N2O7	CC(C\C=C\C=C/CCC(=C)CC(C)C\C(C)=C\C(O)=O)CC(=O)CC(O)CNC(=O)C(C)C(C)OC(N)=O	GENAAYFYLGYPIQ-JOPGMDTFSA-N	
C30H48N2O7	CC(C\C=C\C=C\CCC(=C)CC(C)C\C(C)=C\C(O)=O)CC(=O)CC(O)CNC(=O)C(C)C(C)OC(N)=O	GENAAYFYLGYPIQ-FFPWVZAVSA-N	
C29H46N2O7	CC(C\C=C\C=C/CCC(=C)CC(C)C\C(C)=C\C(O)=O)CC(=O)CC(O)CNC(=O)CC(C)OC(N)=O	VWVAAKIWHSCMIW-YHKKGOIFSA-N	
C28H27NO12	[H][C@@]1(CC[C@H](O)[C@H](C)O1)O[C@@]12CO[C@]3(CC(=O)O[C@@]13C(=O)c1c(O)c3c4CN(C)C(=O)c4c(O)cc3cc1C2=O)OC	XFQJOLWXLJXJSV-VUAGTGNDSA-N	
C62H97NO18S	CC(\C=C\CC\C=C\C=C\C=C(/C)C(O)=O)[C@H](O)[C@@H](C)[C@H](O)\C=C\C=C\C=C\C=C\C=C\C=C\CC(OS(O)(=O)=O)C(C)C(=O)C[C@H](O)C[C@H](O)\C=C\C[C@H](O)C[C@@H](O)C[C@H](O)\C=C\C[C@@H](O)C[C@H](O)\C=C\C[C@@H](O)C[C@@H](O)CCCN	RDEZRSOXSQHNOU-SMVKTZMVSA-N	
C62H97NO15	CC(\C=C\CC\C=C\C=C\C=C(/C)C(O)=O)[C@H](O)[C@@H](C)[C@H](O)\C=C\C=C\C=C\C=C\C=C\C=C\CC(O)C(C)C(=O)C[C@H](O)C[C@H](O)\C=C\C[C@H](O)C[C@@H](O)C[C@H](O)\C=C\C[C@@H](O)C[C@H](O)\C=C\C[C@@H](O)C[C@@H](O)CCCN	NVVJCDZZKMPNHL-LMFUHVRBSA-N	
C8H6N4O5	C1(N(/N=C/C=2OC(=CC2)[N+]([O-])=O)CC(N1)=O)=O	NXFQHRVNIOXGAQ-YCRREMRBSA-N	
C34H48N2O6	CC(C)CC(O)C(=O)NC\C=C\C=C/C=C/C(C)=C/C=C\C=C(\C)C(O)CC(=O)N\C(C)=C/C=C/C=C/C(C)C(O)=O	KDQMRYTZELJKOB-MAHROAIDSA-N	
C35H47NO9	[H][C@]12CC(=O)O[C@]([H])(C1)[C@H](C)\C=C\[C@@]1([H])O[C@]1(C)[C@@H](O)C[C@]([H])(OC(=O)[C@]1([H])O[C@@]1([H])C2)[C@H](C)[C@@H](OC)C(\C)=C\C=C\C(C)=C\c1coc(C)n1	OWPCHSCAPHNHAV-QIPOKPRISA-N	
C42H55NO15	CC[C@@]1(O)C[C@H](O[C@H]2C[C@@H]([C@H](O[C@H]3C[C@H](O)[C@H](O[C@H]4CC[C@H](O)[C@H](C)O4)[C@H](C)O3)[C@H](C)O2)N(C)C)c2c(O)c3C(=O)c4c(O)cccc4C(=O)c3cc2[C@H]1C(=O)OC	CPUWOKRFRYWIHK-BPPBZOKFSA-N	
C42H51NO15	CC[C@@]1(O)C[C@H](O[C@H]2C[C@@H]([C@H](O[C@H]3C[C@H](O)[C@H](O[C@@H]4O[C@@H](C)C(=O)C=C4)[C@H](C)O3)[C@H](C)O2)N(C)C)c2c(O)c3C(=O)c4c(O)cccc4C(=O)c3cc2[C@H]1C(=O)OC	ADCDIHNCUQOKFP-SVEJIMAYSA-N	
C29H38N2O4	C1=C[C@@]2([C@@]([C@@]3([C@]1([C@@]4([C@](C3)([H])C=CC(C=5C(=O)N[C@@](CCCNC(C=CC4)=O)(C5O)[H])=O)[H])[H])[H])(C[C@H]([C@H]2CC)C)[H])[H]	WSUGGLXIPUHOSG-QOMLVTEJSA-N	
C58H44Cl3N7O18	N[C@@H]1c2ccc(O)c(Oc3cc(O)cc(c3)[C@@H]3NC(=O)[C@H](Cc4ccc(Oc5cc6cc(Oc7ccc(cc7Cl)[C@@H](O)[C@@H]7NC(=O)[C@H](NC(=O)[C@@H]6NC3=O)c3cc(Cl)c(O)c(c3)-c3c(O)cc(O)cc3[C@@H](NC7=O)C(O)=O)c5O)c(Cl)c4)NC1=O)c2	KJTFTWQSEBLIPM-RIZHWKQXSA-N	
C49H85NO14	CC[C@@H](O)C[C@H]1CCC[C@@]2(C[C@@H]3OC(=O)\C=C\[C@@](C)(O)[C@@H](O)[C@H](C)[C@@H](O)[C@H](O[C@H]4CC[C@@H]([C@H](C)O4)N(C)C)[C@@H](O)[C@](C)(O)CCCCC\C=C\[C@@H]4CC(C)(C)O[C@@]4(O)C[C@H](O2)[C@H]3C)O1	XGECDDPXIKFBTE-AUFVQPSPSA-N	
C28H43NO6	C[C@H]1C[C@@H](C)C[C@H](C)[C@@H](O)\C(=C/C=C/C[C@@H](OC(=O)C[C@H](O)[C@@H](C)C1)[C@@H]1CCC[C@H]1C(O)=O)C#N	OJCKRNPLOZHAOU-JTHVHBRGSA-N	
C14H25N3O9	C[C@H]1O[C@H](O[C@@H]2[C@@H](O)[C@@H](O)[C@H](O)[C@H](O)[C@H]2O)[C@@H](N)C[C@@H]1NC(=N)C(O)=O	PVTHJAPFENJVNC-MHRBZPPQSA-N	
C20H25N3O	CCCCCC1=C\C(=C\c2[nH]c(cc2OC)-c2ccc[nH]2)N=C1C	SZXDNGVQRDTJSD-VBKFSLOCSA-N	
C22H36N6O17P2	CC(C)[C@@H](O)[C@H](O)C(=O)NP(O)(=O)OC[C@H]1O[C@H]([C@H](O)[C@@H]1O)n1cnc2c(NP(O)(=O)OC3O[C@@H]([C@H](O)CO)[C@H](O)[C@H]3O)ncnc12	YNCRAYSPLQSJIP-JHNPATRKSA-N	
C14H16N4O5S	COc1cc(OC)nc(NS(=O)(=O)c2ccc(NC(C)=O)cc2)n1	DQWIIKBKAIPUPY-UHFFFAOYSA-N	
C14H16N4O3S	CC(=O)Nc1ccc(cc1)S(=O)(=O)Nc1nc(C)cc(C)n1	LJKAKWDUZRJNPJ-UHFFFAOYSA-N	
C31H33NO9	COc1cc(C=C)cc2c1c1cc(OC)c3c(O)ccc(C4O[C@H](C)[C@H](OC(C)=O)[C@@H]([C@H]4O)N(C)C)c3c1oc2=O	GHLIFBNIGXVDHM-VQXSZRIGSA-N	
C43H74N2O14	CO[C@H]1[C@H](O)CC(=O)O[C@H](C)C\C=C\C=C\[C@H](O[C@H]2CC[C@@H]([C@H](C)O2)N(C)C)[C@H](C)C[C@H](CC=O)[C@@H]1O[C@@H]1O[C@H](C)[C@@H](O[C@H]2C[C@@](C)(O)[C@@H](O)[C@H](C)O2)[C@@H]([C@H]1O)N(C)C	ACTOXUHEUCPTEW-KWBWCIJSSA-N	
C16H19N3O6	COC1=C(C)C(=O)C2=C([C@@H](COC(N)=O)[C@@]3(OC)[C@H]4N[C@H]4CN23)C1=O	HYFMSAFINFJTFH-NGSRAFSJSA-N	
C18H38N6O7	CO[C@@H]1CO[C@H](O[C@H]2[C@H](N)C[C@H](N)[C@@H](O[C@H]3O[C@H](CN)C[C@H](O)[C@H]3N)[C@@H]2O)[C@H](N)[C@H]1N	HJKXMQLJTKUBMG-BAOVJYBRSA-N	
C31H51NO9	CC[C@H]1OC(=O)C[C@@H](O)[C@H](C)[C@@H](O[C@@H]2O[C@H](C)C[C@@H]([C@H]2O)N(C)C)[C@@H](CC=O)C[C@@H](C)C(=O)\C=C\[C@]2(C)O[C@H]2[C@@H]1C	IUPCWCLVECYZRV-JZMZINANSA-N	
C53H62N10O14S2	CS[C@@H]1SC[C@@H]2N(C)C(=O)[C@H](C)NC(=O)[C@@H](COC(=O)[C@@]3(C[C@@H]3C)N(C)C(=O)[C@H]1N(C)C(=O)[C@H](C)NC(=O)[C@@H](COC(=O)[C@@]1(C[C@@H]1C)N(C)C2=O)NC(=O)c1nc2ccccc2cc1O)NC(=O)c1nc2ccccc2cc1O	HBQDLHJADJTNRK-LIXMYSHJSA-N	
C55H66N10O14S2	CC(C)S[C@@H]1SC[C@@H]2N(C)C(=O)[C@H](C)NC(=O)[C@@H](COC(=O)[C@@]3(C[C@@H]3C)N(C)C(=O)[C@H]1N(C)C(=O)[C@H](C)NC(=O)[C@@H](COC(=O)[C@@]1(C[C@@H]1C)N(C)C2=O)NC(=O)c1nc2ccccc2cc1O)NC(=O)c1nc2ccccc2cc1O	HDMUZLQWDPUHND-PGKBBLNOSA-N	
C56H68N10O14S2	CCC(C)S[C@@H]1SC[C@@H]2N(C)C(=O)[C@H](C)NC(=O)[C@@H](COC(=O)[C@@]3(C[C@@H]3C)N(C)C(=O)[C@H]1N(C)C(=O)[C@H](C)NC(=O)[C@@H](COC(=O)[C@@]1(C[C@@H]1C)N(C)C2=O)NC(=O)c1nc2ccccc2cc1O)NC(=O)c1nc2ccccc2cc1O	VABRZWDEEDQLRD-VGGJGGOJSA-N	
C34H53O8.Na	[Na+].[H][C@@]1(O[C@@](CC)(C[C@@H]1C)[C@@]1([H])CC[C@](O)(CC)[C@H](C)O1)[C@@H](CC)C(=O)[C@@H](C)[C@@H](O)[C@H](C)CCC1=C(C([O-])=O)C(O)=C(C)C=C1	RDHDUYAKDYQPEW-HWLWSTNVSA-M	
C11H13N3O3S	Cc1noc(NS(=O)(=O)c2ccc(N)cc2)c1C	NHUHCSRWZMLRLA-UHFFFAOYSA-N	
C27H40ClNO7	[C@@H]([C@@H]([C@@H](/C=C(/C([C@H]([C@H]([C@@H](CCCC)C)O)C)=O)\C)OC)O)(C(N/C=C\C=1C=C(C(=CC1)O)Cl)=O)OC	FYBGSKAWXCBCIQ-JRAUAZSASA-N	
C28H42ClNO7	[C@@H]([C@@H]([C@@H](/C=C(/C([C@H]([C@H]([C@@H](CCCC)C)O)C)=O)\C)OC)O)(C(N/C=C\C=1C=C(C(=CC1)O)Cl)=O)OCC	BIBQKWSSQXEIHK-IRFDLBBPSA-N	
C49H78N8O17	[H][C@@]12C[C@@H](O)CN1C(=O)[C@@H](NC(=O)[C@]([H])(C[C@@H](O)[C@@H](O)NC(=O)[C@@H]1[C@@H](O)[C@@H](C)CN1C(=O)[C@@H](NC(=O)[C@@H](NC2=O)[C@H](O)[C@@H](O)C1=CC=C(O)C=C1)[C@H](O)CC(N)=O)NC(=O)CCCCCCCCCCCCC)[C@@H](C)O	QZRPBFSNQQUAAB-QZXUYJGCSA-N	
C72H104N14O20	[H]C12NC3=CC=C(C=C3C1(O)CC1N2C(=O)C(NC(=O)C(CC(C)C)NC(=O)C2CC(O)CNN2C(=O)C(OC(=O)C(NC1=O)C(C)C)C(C)C)C(C)O)C1=CC=C2NC3([H])N4C(CC3(O)C2=C1)C(=O)NC(C(C)C)C(=O)OC(C(C)C)C(=O)N1NCC(O)CC1C(=O)NC(CC(C)C)C(=O)NC(C(C)O)C4=O	OZPNLJQULOIOGU-UPABGHPRSA-N	
C27H34O9	[H][C@]12C[C@H]3OC(=O)\C=C/C=C/C(=O)OCC[C@@H](C)[C@H](O)C(=O)OC[C@@]4(CCC(C)=C[C@@]4([H])O1)[C@]3(C)[C@]21CO1	NLUGUZJQJYVUHS-IDXDZYHTSA-N	
C52H81N7O16	CCCCC\C=C/C\C=C/CCCCCCCC(=O)N[C@H]1C[C@@H](O)[C@@H](O)NC(=O)[C@@H]2[C@@H](O)[C@@H](C)CN2C(=O)[C@@H](NC(=O)[C@@H](NC(=O)[C@@H]2C[C@@H](O)CN2C(=O)[C@@H](NC1=O)[C@@H](C)O)[C@H](O)[C@@H](O)c1ccc(O)cc1)[C@@H](C)O	FAUOJMHVEYMQQG-HVYQDZECSA-N	
C14H19NO4	COc1ccc(C[C@H]2NC[C@H](O)[C@H]2OC(C)=O)cc1	YKJYKKNCCRKFSL-RDBSUJKOSA-N	
C20H25N5O10	[H][C@@]1(O[C@H]([C@H](O)[C@@H]1O)n1ccc(=O)[nH]c1=O)[C@H](NC(=O)[C@@H](N)[C@H](C)[C@H](O)c1ccc(O)cn1)C(O)=O	WWJFFVUVFNBJTN-VHDFTHOZSA-N	
C9H11N2O4SR	[H]C(N[C@@H](C(O)=O)C(C)(C)S)=C1N=C([*])OC1=O		
C26H33NO7	[H][C@@]1(CC[C@@H](O)[C@@H](C)O1)O[C@H]1[C@H](C)[C@]2([H])Oc3c(NC(=O)C(C)C(=O)C(=C/C)\C=C2/C)cc(O)cc13	JSYTVJCZLSFGTM-HNLRCUENSA-N	
C37H48N2O8	CO[C@@H]1CC(=O)Nc2cc(O)cc(CC\C=C(C)/[C@H](O)[C@@H](C)[C@H](C\C=C\C=C\C=C\1)OC(=O)C1(CC1)NC(=O)C1=CCCCC1)c2O	HNVKTRONBDHSPT-QETCNUOWSA-N	
C34H27Br5N4O8	O\N=C1/Cc2cc(Br)c(Oc3cc(C\C(C(=O)NCCc4cc(Br)c(O)c(Oc5ccc(CCNC1=O)cc5Br)c4)=N/O)cc(Br)c3O)c(Br)c2	AHBBQQLIUBAPCY-DCRHPOARSA-N	
C34H27Br5N4O8	O\N=C1\Cc2cc(Br)c(Oc3cc(C\C(C(=O)NCCc4cc(Br)c(O)c(Oc5ccc(CCNC1=O)cc5Br)c4)=N/O)cc(Br)c3O)c(Br)c2	AHBBQQLIUBAPCY-HQTCRMEMSA-N	
C22H26N2O4S	COc1ccc(cc1)C1Sc2ccccc2N(CCN(C)C)C(=O)C1OC(C)=O	HSUGRBWQSSZJOP-UHFFFAOYSA-N	
C23H24N4O9	N1(C([C@H](C1)NC(/C(/C=2C=CC(OCC[C@@H](C(=O)O)N)=CC2)=N\O)=O)=O)[C@@H](C(O)=O)C3=CC=C(C=C3)O	CTNZOGJNVIFEBA-MOKAZRKYSA-N	
C15H24N2O	[H][C@]12CN3CCCC[C@@]3([H])[C@]([H])(CN3C(=O)CCC[C@]13[H])C2	JYIJIIVLEOETIQ-XDQVBPFNSA-N	
C4H7NO	O=C1CCCN1	HNJBEVLQSNELDL-UHFFFAOYSA-N	
C59H107N3O19	[H][C@]1(O[C@@]2(C[C@H](O)[C@H]1NC(C)=O)O[C@H]1[C@@H](O)[C@@H](CO)O[C@@H](O[C@@H]3[C@@H](CO)O[C@@H](OC[C@H](NC(=O)CCCCCCCCCCCCCCCCC)[C@H](O)\C=C\CCCCCCCCCCCCC)[C@H](O)[C@H]3O)[C@@H]1NC2=O)[C@H](O)[C@H](O)CO	RETZCXQFOHADIK-ISAHSDPDSA-N	
C22H29NO5	[H][C@]12CCN3C(=O)[C@@]([H])(C(=O)[C@H]4[C@@H](C)C=C[C@@]5(C)CCCC[C@]45C)[C@]([H])(OC1=O)[C@]23O	WOAILDKFDXKSIY-OMKDVXPQSA-N	
C16H19N3NaO5S	N1[C@H](C(S[C@]1([H])[C@H](NC([C@@H](C2=CC=C(C=C2)O)N)=O)C(=O)*)(C)C)C([O-])=O.[Na+]		
C16H17N2O4S	C=1(OC(\C(\N1)=C/NC(C(S*)(C)C)C(=O)O)=O)CC=2C=CC=CC2		
C5H10NO2S	C(C(N)C(S*)(C)C)(=O)O		
C16H19N2O5S	C=1C(=CC=CC1)CC(NC(/C=N/C(C(S*)(C)C)C(=O)O)C(=O)O)=O		
C4H5NO2	C1C(NC=C1O)=O	MNGLAWOHKCKNMT-UHFFFAOYSA-N	
C37H61NO14	CC[C@H]1OC(=O)C[C@@H](O)[C@H](C)[C@@H](O[C@@H]2O[C@H](C)[C@@H](O)[C@@H]([C@H]2O)N(C)C)[C@@H](CC=O)C[C@@H](C)C(=O)\C=C\C(\C)=C\[C@@H]1CO[C@@H]1O[C@H](C)[C@@H](O)[C@@H](O)[C@H]1O	QZCOVMJUGCBXHV-AVCFMDPFSA-N	
C28H47NO7	CC[C@H]1OC(=O)[C@H](C)C(=O)[C@H](C)[C@@H](O[C@@H]2O[C@H](C)C[C@@H]([C@H]2O)N(C)C)[C@@H](C)C[C@@H](C)C(=O)\C=C\[C@H]1C	OXFYAOOMMKGGAI-JLTOUBQASA-N	
C27H31NO9	CC[C@@]1(O)C[C@H](O[C@H]2C[C@H](N)[C@H](O)[C@H](C)O2)c2c(O)c3C(=O)c4c(OC)cccc4C(=O)c3c(O)c2C1	XAMIMZAWZUSOPA-JIGXQNLBSA-N	
C16H17N9O5S3	[H][C@]12SCC(CSc3nnnn3C)=C(N1C(=O)[C@H]2NC(=O)C(=N/OC)\c1csc(N)n1)C(O)=O	HJJDBAOLQAWBMH-YCRCPZNHSA-N	
C29H32N2O7	[H][C@]12O[C@@]1([H])[C@](O)(\C=C\C=C\C=C\C(=O)NC1=C(O)CCC1=O)C=C(NC(=O)\C=C\C=C\C=C\C(C)CC)C2=O	OTILGUINRVYYKM-BSZZVILASA-N	
C27H32N2O7	[H][C@]12O[C@@]1([H])[C@](O)(C=C(NC(=O)\C=C\C(C)CCCC)C2=O)\C=C\C=C\C=C\C(=O)NC1=C(O)CCC1=O	LEERCZRUWSNMMK-GIWWSJOHSA-N	
C36H58N10O18S	CC(=O)N(O)CCC[C@H](N)C(=O)N[C@@H](CCCN(O)C(C)=O)C(=O)N[C@@H](CCCN(O)C(C)=O)C(=O)N[C@@H](CO)C(=O)N[C@H]([C@H](O)[C@H]1S[C@H]([C@H](O)[C@H]1O)n1ccc(=O)n(C)c1=O)C(O)=O	CNKXFPHRGCBCDZ-RREKCFDTSA-N	
C16H17N3O7S2	[H][C@]12SCC(COC(N)=O)=C(N1C(=O)[C@]2(NC(=O)Cc1cccs1)OC)C(O)=O	WZOZEZRFJCJXNZ-ZBFHGGJFSA-N	
C52H88N10O15	[C@@]12(N(C[C@@H](C1)O)C([C@H]([C@@H](C)O)NC(=O)[C@](C[C@H]([C@@H](NCCN)NC([C@@H]3[C@H](CCN3C([C@H]([C@@H](CCN)O)NC(=O)[C@H]([C@@H]([C@H](C4=CC=C(C=C4)O)O)O)NC2=O)=O)O)=O)O)(NC(CCCCCCCC[C@H](C[C@H](CC)C)C)=O)[H])=O)[H]	JYIKNQVWKBUSNH-WVDDFWQHSA-N	
C14H24N2O7	CN[C@@H]1[C@H](O)[C@H](NC)[C@H]2O[C@]3(O)[C@@H](O[C@H](C)CC3=O)O[C@@H]2[C@H]1O	UNFWWIHTNXNPBV-WXKVUWSESA-N	
C14H26Cl2N2O7	Cl.Cl.CN[C@@H]1[C@H](O)[C@H](NC)[C@H]2O[C@]3(O)[C@@H](O[C@H](C)CC3=O)O[C@@H]2[C@H]1O	FOGDPGQSHLLYIK-XYQGXRRISA-N	
C46H77NO17	CC[C@H]1OC(=O)C[C@@H](O)[C@H](C)[C@@H](O[C@@H]2O[C@H](C)[C@@H](O[C@H]3C[C@@](C)(O)[C@@H](O)[C@H](C)O3)[C@@H]([C@H]2O)N(C)C)[C@@H](CC=O)C[C@@H](C)C(=O)\C=C\C(\C)=C\[C@@H]1CO[C@@H]1O[C@H](C)[C@@H](O)[C@@H](OC)[C@H]1OC	WBPYTXDJUQJLPQ-VMXQISHHSA-N	
C20H32O5	CC[C@H]1OC(=O)[C@H](C)C(=O)[C@H](C)[C@@H](O)[C@@H](C)C[C@@H](C)C(=O)\C=C\[C@H]1C	YFFOFFWSBYZSOI-HQWJGCFGSA-N	
C26H29NO9	C1(O)=C2C(C(C=3C(=CC=CC3O)C2=O)=O)=C(O)C4=C1C[C@](C[C@@H]4O[C@H]5C[C@@H]([C@@H]([C@@H](O5)C)O)N)(CC)O	UHYFCDBUKBJSFA-JYFLSIMMSA-N	
C16H19N3O5S	[C@]12(N(C(=C(CS1)OC)C(=O)O)C([C@H]2NC(=O)[C@@H](C=3CC=CCC3)N)=O)[H]	RDMOROXKXONCAL-UEKVPHQBSA-N	
C41H67NO15	CO[C@H]1C[C@H](O[C@H]2[C@H](C)[C@@H](O[C@@H]3O[C@H](C)C[C@@H]([C@H]3OC(C)=O)N(C)C)[C@@H](C)C[C@@]3(CO3)C(=O)[C@H](C)[C@@H](OC(C)=O)[C@@H](C)[C@@H](C)OC(=O)[C@@H]2C)O[C@@H](C)[C@@H]1OC(C)=O	LQCLVBQBTUVCEQ-QTFUVMRISA-N	
C16H25N3O8S	O.O.O.CC1(C)S[C@@H]2[C@H](NC(=O)[C@H](N)c3ccc(O)cc3)C(=O)N2[C@H]1C(O)=O	MQXQVCLAUDMCEF-CWLIKTDRSA-N	
C16H16N3O7S2	[H][C@]12SCC(COC(N)=O)=C(N1C(=O)[C@]2(NC(=O)Cc1cccs1)OC)C([O-])=O	WZOZEZRFJCJXNZ-ZBFHGGJFSA-M	
C60H92N8O10	CC[C@@H](C)[C@@H]1OC(=O)[C@H](C(C)C)N(C)C(=O)[C@H](CC(C)C)NC(=O)[C@H](C(C)C)N(C)C(=O)[C@H](NC(=O)[C@@H]2CCCN2C(=O)[C@H](Cc2ccccc2)N(C)C(=O)[C@H](Cc2ccccc2)NC(=O)C(NC1=O)C(C)C)[C@H](C)C(C)C	YHSKJPXGXIYLHB-OTNPUQRPSA-N	
C49H76O11	[H][C@]1(C[C@H](O)CCC[C@@H](C\C=C/C=C/C[C@H](C)[C@@H](O)[C@H](C)[C@@H](O)[C@H](C)[C@H](O)CC(=O)O1)OC)[C@H](C)[C@H](O)\C=C(C)\C=C\C=C\C=C\C=C\C=C\C[C@H](O)\C=C(/C)CCC(O)=O	VHPBIOVAVQXSJO-DLGDGFEOSA-N	
C41H70O13	CCC(O)CC1CCCC2(CC3OC(=O)\C=C\C(C)(O)C(O)C(C)C(O)C(O)C(O)C(C)(O)CCCCC\C=C\C4CC(C)(C)OC4(O)CC(O2)C3C)O1	ZACXIZMUUXGJHL-QTBZMJKBSA-N	
C49H85NO14	CCC(O)CC1CCCC2(CC3OC(=O)\C=C\C(C)(O)C(O)C(C)C(O)C(OC4CCC(C(C)O4)N(C)C)C(O)C(C)(O)CCCCC\C=C\C4CC(C)(C)OC4(O)CC(O2)C3C)O1	XGECDDPXIKFBTE-WXJXXXITSA-N	
C30H37NO11	COC1C(OC2CC(C)(C(O)C(C)O2)N(C)C)c2c(O)c3C(=O)c4c(O)ccc(OC)c4C(=O)c3cc2C(O)C1(C)O	XXHMZNPASHQZPM-UHFFFAOYSA-N	
C9H10N2O2	CC(=O)Nc1ccccc1C(N)=O	WFKPHYKFAOXUTI-UHFFFAOYSA-N	
C52H74Cl2O18	CC[C@H]1\C=C(C)\[C@@H](O)C\C=C\C=C(CO[C@@H]2O[C@H](C)[C@@H](OC(=O)c3c(O)c(Cl)c(O)c(Cl)c3CC)[C@H](O)[C@@H]2OC)\C(=O)OC(C\C=C(C)\C=C(C)\[C@@H]1O[C@@H]1OC(C)(C)[C@@H](OC(=O)C(C)C)[C@H](O)[C@@H]1O)[C@@H](C)O	ZVGNESXIJDCBKN-KFGPIHIUSA-N	
C37H70N2O12	CC[C@H]1OC(=O)[C@H](C)[C@@H](O[C@H]2C[C@@](C)(OC)[C@@H](O)[C@H](C)O2)[C@H](C)[C@@H](O[C@@H]2O[C@H](C)C[C@@H]([C@H]2O)N(C)C)[C@](C)(O)C[C@@H](C)[C@H](N)[C@H](C)[C@@H](O)[C@]1(C)O	XCLJRCAJSCMIND-JCTYMORFSA-N	
C5H7N3O4	N[C@@H](COC(=O)C=[N+]=[N-])C(O)=O	MZZGOOYMKKIOOX-VKHMYHEASA-N	
C21H19F3N4O6S	CS(O)(=O)=O.N[C@H]1[C@@H]2CN(C[C@H]12)c1nc2n(cc(C(O)=O)c(=O)c2cc1F)-c1ccc(F)cc1F	DYNZICQDCVYXFW-AHZSKCOESA-N	
C13H28N6O8	N[C@H](CO)[C@@H](O)C[C@H](O)[C@H](N)[C@H](O)[C@@H](O)C(=O)N[C@@H](CNC(N)=O)C(N)=O	FYIPKJHNWFVEIR-FXQWNPMTSA-N	
C15H24N4O5S	S(=O)(=O)(NC=1ON=C(C1C)C)C2=CC=C(N)C=C2.OCCNCCO	FEPTXVIRMZIGFY-UHFFFAOYSA-N	
C18H15Cl2N5O5S3	S(CC1=C(N2[C@](SC1)([C@@](C2=O)(NC(CN3C=C(C(C(=C3)Cl)=O)Cl)=O)[H])[H])C(=O)O)C=4SC(=NN4)C	VTLCNEGVSVJLDN-MLGOLLRUSA-N	
C14H15N5O5S2	C(O)(=O)C=1N2[C@@]([C@@H](C2=O)NC(/C(=N\OC)/C3=CSC(=N3)N)=O)(SCC1C)[H]	MQLRYUCJDNBWMV-GHXIOONMSA-N	
C13H12N8O4S3	C(O)(=O)C=1N2[C@@]([C@@H](C2=O)NC(CN3C=NN=N3)=O)(SCC1CSC4=NN=CS4)[H]	DZMVCVMFETWNIU-LDYMZIIASA-N	
C16H17N9O5S2	C(O)(=O)C=1N2[C@@]([C@@H](C2=O)NC(/C(=N\OC)/C3=CSC(=N3)N)=O)(SCC1CN4N=C(N=N4)C)[H]	XSPUSVIQHBDITA-RKYNPMAHSA-N	
C14H15N5O6S2	[C@]12(N(C(=C(CS1)COC)C(=O)O)C([C@H]2NC(=O)/C(=N\O)/C3=CSC(=N3)N)=O)[H]	HOGISBSFFHDTRM-GHXIOONMSA-N	
C44H54O17	CCCC(C)\C=C(\C)C(=O)OC1C(C)OC(CC1(C)O)OC1CCC(OC2C(O)=C(C(C)=O)C(=O)C3(O)C(=O)C4=C(O)C5=C(C(C)=C4CC23O)C(=O)C(OC)=CC5=O)OC1C	XLXKPBAXLAAHEN-WNMWLNICSA-N	
C9H12O4	CCCC1=C(C(O)=O)C(CO)=CO1	JAAQAAFKQSNUEH-UHFFFAOYSA-N	
C18H17ClO6	C[C@@H]1C[C@H]2O[C@@H]2\C=C/C=C/C(=O)Cc2c(Cl)c(O)cc(O)c2C(=O)O1	WYZWZEOGROVVHK-GTMNPGAYSA-N	
C20H20N6O9S	CO[C@]1(NC(=O)C(C(O)=O)c2ccc(O)cc2)[C@H]2OCC(CSc3nnnn3C)=C(N2C1=O)C(O)=O	JWCSIUVGFCSJCK-CAVRMKNVSA-N	
C16H25N7O8	CNCC(=O)NC(CO)C(=O)NC1C(C(C(OC1C(=O)N)N2C=CC(=NC2=O)N)O)O	AMNAZJFEONUVTD-UHFFFAOYSA-N	
C33H38N6O10	CC[C@H](C)C(=O)C(=O)N[C@H]1Cc2ccc(O)c(c2)-c2cccc3c2NC(=O)[C@@]3(O)[C@H](O)[C@H](NC(=O)[C@H](CC(N)=O)NC1=O)C(=O)N\C=C/C	ZIAXNZCTODBCKW-BOYGTWLISA-N	
C39H49N3O8S	COC1CC(=O)Nc2c(O)c(CC\C=C(C)/C(O)C(C)C(C\C=C\C=C\C=C\1)OC(=O)C1(CC1)NC(=O)C1=CCCCC1)cc1NC(=O)CSc21	DLJPEMIJOQUTRD-KLLBSFIHSA-N	
C39H49N3O8S	COC1CC(=O)Nc2cc3NC(=O)CSc3c(CC\C=C(C)/C(O)C(C)C(C\C=C\C=C\C=C\1)OC(=O)C1(CC1)NC(=O)C1=CCCCC1)c2O	YIMYDHUFVYSTEY-WUWQZELJSA-N	
C33H38N6O10	CC[C@@H](C)C(=O)C(=O)N[C@H]1Cc2ccc(O)c(c2)-c2cccc3c2NC(=O)[C@@]3(O)[C@H](O)[C@H](NC(=O)[C@H](CC(N)=O)NC1=O)C(=O)N\C=C/C	ZIAXNZCTODBCKW-NKGUOCGVSA-N	
C33H38N6O10	CC[C@H](C)C(=O)C(=O)N[C@H]1Cc2ccc(O)c(c2)-c2cccc3c2NC(=O)[C@@]3(O)[C@@H](O)[C@H](NC(=O)[C@H](CC(N)=O)NC1=O)C(=O)N\C=C/C	ZIAXNZCTODBCKW-QDRDEZGCSA-N	
C33H38N6O10	CC[C@@H](C)C(=O)C(=O)N[C@H]1Cc2ccc(O)c(c2)-c2cccc3c2NC(=O)[C@@]3(O)[C@@H](O)[C@H](NC(=O)[C@H](CC(N)=O)NC1=O)C(=O)N\C=C/C	ZIAXNZCTODBCKW-WYRJOJSMSA-N	
C25H18N4O3	C12=C(C(N3[C@H](C=4N1C(C5=C(N4)C=CC=C5)=O)C[C@]6([C@@]3(NC=7C=CC=CC67)[H])O)=O)C=CC=C2	HYHLSEUXMRFVND-AMDXRBSFSA-N	
C23H44N2O5	[H][C@]1(O[C@@H](C)[C@@H](O)[C@@H](NC)[C@H]1O)O[C@H]1CCCCCC[C@H](CC)CCCNC(=O)[C@@H]1C	XKCKFIWDRHTTCA-LKRNETLMSA-N	
C24H46N2O5	[H][C@]1(O[C@@H](C)[C@@H](O)[C@@H](NC)[C@H]1O)O[C@H]1CC[C@H](C)CCC[C@H](CC)CCCNC(=O)[C@@H]1C	WZHRZOAOWSWFFT-JBKILYGRSA-N	
C23H44N2O5	[H][C@]1(O[C@@H](C)[C@@H](O)[C@@H](N)[C@H]1O)O[C@H]1CC[C@H](C)CCC[C@H](CC)CCCNC(=O)[C@@H]1C	ZRJBXPCQRSLIKK-BDPAYSQHSA-N	
C21H26N8O6S2	[C@]12(N(C(=C(CS1)C[N+]34CCC(CC3)(C(=O)N)CC4)C([O-])=O)C([C@H]2NC(=O)/C(/C5=NSC(=N5)N)=N\OC)=O)[H]	JUVHVMCKLDZLGN-TVNFHGJBSA-N	
C20H25FN8O6S2	[C@]12(N(C(=C(CS1)/C=C/C[N+](CC(N)=O)(CC)C)C(=O)[O-])C([C@H]2NC(=O)/C(/C3=NSC(=N3)N)=N\OCF)=O)[H]	XAKKNLNAJBNLPC-MAYKBZFQSA-N	
C19H17N9O5S2	[C@]12(N(C(=C(CS1)C[N+]3=C4N(C=C3)N=CC=C4)C([O-])=O)C([C@H]2NC(=O)/C(/C5=NSC(=N5)N)=N\OC)=O)[H]	QDUIJCOKQCCXQY-WHJQOFBOSA-N	
C22H22N6O5S2	[C@]12(N(C(=C(CS1)C[N+]3=CC=CC4=C3CCC4)C([O-])=O)C([C@H]2NC(=O)/C(/C5=CSC(=N5)N)=N\OC)=O)[H]	DKOQGJHPHLTOJR-WHRDSVKCSA-N	
C22H22N6O7S2	[H][C@]12SCC(C[n+]3ccccc3)=C(N1C(=O)[C@H]2NC(=O)C(=N/OC(C)(C)C(O)=O)\c1csc(N)n1)C([O-])=O	ORFOPKXBNMVMKC-DWVKKRMSSA-N	
C15H14N4O6S2	[H][C@]12SCC=C(N1C(=O)[C@H]2NC(=O)C(=C/CC(O)=O)\c1csc(N)n1)C(O)=O	UNJFKXSSGBWRBZ-BJCIPQKHSA-N	
C45H54N8O10	CC[C@H]1NC(=O)[C@@H](NC(=O)c2ncccc2O)[C@@H](C)OC(=O)[C@@H](NC(=O)[C@@H]2CC(=O)CCN2C(=O)[C@H](Cc2ccc(cc2)N(C)C)N(C)C(=O)[C@@H]2CCCN2C1=O)c1ccccc1	YGXCETJZBDTKRY-DZCVGBHJSA-N	
C28H35N3O7	CC(C)[C@H]1OC(=O)C2=CCCN2C(=O)c2coc(CC(=O)C[C@H](O)\C=C(/C)\C=C\CNC(=O)\C=C\[C@H]1C)n2	DAIKHDNSXMZDCU-FQTGFAPKSA-N	
C15O2R12	[*]c1c([*])c([*])c2c(OC([*])([*])C3([*])c4c([*])c([*])c([*])c([*])c4OC23[*])c1[*]		
C36H62O11	[H][C@@]1(C[C@H](C)[C@@]([H])(O1)[C@]1(CC)CC[C@@]([H])(O1)[C@]1(C)CC[C@]2(C[C@H](O)[C@@H](C)[C@]([H])(O2)[C@@H](C)[C@@H](OC)[C@H](C)C(O)=O)O1)[C@@]1([H])O[C@@](O)(CO)[C@H](C)C[C@@H]1C	GAOZTHIDHYLHMS-KEOBGNEYSA-N	
C15H23NO4	[H][C@]1(C[C@@H](C)C[C@H](C)C1=O)[C@H](O)CC1CC(=O)NC(=O)C1	YPHMISFOHDHNIV-FSZOTQKASA-N	
C17H28O4	CC[C@H]1OC(=O)[C@H](C)[C@@H](O)[C@@H](C)C[C@@H](C)C(=O)\C=C\[C@H]1C	NZUJVBSYQXETNF-PQWITYJESA-N	
C31H38N2O7	CCCC[C@@H](C)\C=C(/C)\C=C(/C)C(=O)NC1=C[C@@](O)(\C=C\C=C\C=C\C(=O)NC2=C(O)CCC2=O)[C@@H]2O[C@@H]2C1=O	TWWQHCKLTXDWBD-MVTGTTCWSA-N	
C72H85N19O18S5	[H][C@]12N=C(CC[C@@]11NC(=O)[C@H](C)NC(=O)C(=C)NC(=O)[C@H](C)NC(=O)[C@@H](N[C@@H]3C=Cc4c(cc(nc4[C@H]3O)C(=O)O[C@H](C)[C@H](NC(=O)c3csc(n3)[C@@H](NC(=O)[C@H]3CSC(=N3)\C(NC(=O)[C@@H](NC(=O)c3csc1n3)[C@@H](C)O)=C\C)[C@](C)(O)[C@@H](C)O)c1nc2cs1)[C@H](C)O)[C@@H](C)CC)c1nc(cs1)C(=O)NC(=C)C(=O)NC(=C)C(N)=O	NSFFHOGKXHRQEW-AIHSUZKVSA-N	
C8H4O3S2	OC1=CC=CC(=S)C2=C1C(=O)OS2	DQGOJKVIMNNGAH-UHFFFAOYSA-N	
C17H18F3N3O3	C12=C(N(C=C(C(O)=O)C1=O)CCF)C(=C(N3CCN(CC3)C)C(F)=C2)F	XBJBPGROQZJDOJ-UHFFFAOYSA-N	
C46H58Cl2N4O18	O.[Cl-].[Cl-].CCO.[H][C@@]12[C@@H](C)c3cccc(O)c3C(=O)C1=C(O)[C@]1(O)C(=O)C(C(N)=O)=C(O)[C@@H]([NH+](C)C)[C@]1([H])[C@H]2O.[H][C@@]12[C@@H](C)c3cccc(O)c3C(=O)C1=C(O)[C@]1(O)C(=O)C(C(N)=O)=C(O)[C@@H]([NH+](C)C)[C@]1([H])[C@H]2O	HALQELOKLVRWRI-VDBOFHIQSA-N	
C11H14Cl2N2O3	C1=C([C@H]([C@H](NC(C(Cl)Cl)=O)CO)O)C=CC(=C1)N	BFLNGKUCFYKCFZ-RKDXNWHRSA-N	
C29H38N4O10	[H][C@@]12C[C@@]3([H])C(C(=O)c4c(O)cccc4[C@@]3(C)O)=C(O)[C@]1(O)C(=O)C(C(=O)NCNCCCC[C@H](N)C(O)=O)=C(O)[C@H]2N(C)C	AHEVKYYGXVEWNO-UEPZRUIBSA-N	
C25H24N8O7S2	[H][C@]12SCC(CSc3nnnn3C)=C(N1C(=O)[C@@]2([H])NC(=O)[C@H](NC(=O)c1cnc(C)cc1O)c1ccc(O)cc1)C(O)=O	PWAUCHMQEXVFJR-PMAPCBKXSA-N	
C22H26N2O9	O.[H][C@@]12[C@@H](C)c3cccc(O)c3C(=O)C1=C(O)[C@]1(O)C(=O)C(C(N)=O)=C(O)[C@@H](N(C)C)[C@]1([H])[C@H]2O	XQTWDDCIUJNLTR-CVHRZJFOSA-N	
C23H34N2O4S2	[H][C@]1(CS[C@]([H])(N1C)[C@@]1([H])CSC(=N1)c1c(O)cccc1CCCCC)[C@@H](O)C(C)(C)C(O)=O	QZBCDLLHQSDFIG-ZEVBXJOLSA-N	
C45H57ClN2O10	[H][C@]12C\C=C\C\C(C)=C\[C@@]3(C)C=C([C@@H](CC)C[C@]33OC(=O)C(C(=O)[C@@]1(CC)[C@]1([H])CC[C@H](C)[C@]([H])(O[C@H]4C[C@@H](O)[C@H](NC(=O)c5[nH]ccc5Cl)[C@@H](C)O4)[C@@]1([H])C=C2)=C3O)C(O)=O	YKLXDAWPGVZXKC-NMNDIUEASA-N	
C45H56Cl2N2O10	[H][C@]12C\C=C\C\C(C)=C\[C@@]3(C)C=C([C@@H](CC)C[C@]33OC(=O)C(C(=O)[C@@]1(CC)[C@]1([H])CC[C@H](C)[C@]([H])(O[C@H]4C[C@H](O)[C@H](NC(=O)c5[nH]c(Cl)cc5Cl)[C@@H](C)O4)[C@@]1([H])C=C2)=C3O)C(O)=O	OKYWSSBYCHUWKT-ZJOLZETKSA-N	
C38H57N5O10	CCCCCCCCCC(OC(=O)[C@H](CCCCN(O)C=O)NC(=O)c1nc(oc1C)-c1ccccc1O)C(C)(C)C(=O)NC1CCCCN(O)C1=O	ZZBSPTCNZDTZBR-QGXZNONUSA-N	
C15H17NO3	C\C=C\C=C\C=C(C)\C=C\C(O)=C1/C(=O)CNC1=O	JJFGJQNWIJPCAN-AJOOJNDDSA-N	
C44H48O18	[H][C@@]1(CC[C@]([H])(O[C@H]2C[C@@](C)(O)[C@H](OC(=O)c3c(C)ccc(C)c3O)[C@H](C)O2)[C@@H](C)O1)O[C@@H]1C(=O)\C(=C(\C)O)C(=O)[C@@]2(O)C(=O)c3c(O)c4C(=O)C=C(OC)C(=O)c4c(C)c3C[C@@]12O	OWRCRVABZYJUES-FLJLGRLJSA-N	
C19H16O6	CC1CC(=O)C2(O)C3=C(C=CC2(O)C1)C(=O)c1c(O)cccc1C3=O	HRKDTQUJICJRIH-UHFFFAOYSA-N	
C24H27NO7	[H][C@]12C[C@@H]3O[C@@]1(C)C[C@@]1(C2)C=CC(=O)[C@@](C)(CCC(=O)NC2=C(O)C(=CC=C2O)C(O)=O)[C@]31[H]	CSOMAHTTWTVBFL-OFBLZTNGSA-N	
C24H27NO6	[H][C@]12CC[C@]3(CC1=C)C=CC(=O)[C@@](C)(CCC(=O)NC1=C(O)C(=CC=C1O)C(O)=O)[C@]3([H])C2	DWUHGPPFFABTIY-RLWZQHMASA-N	
C31H42O10	CC[C@H](C)CC\C=C\C=C(/C)[C@@H](O)C\C=C\C=C\C(=O)O[C@H]1[C@H](O)[C@@H](CO)O[C@]2(OCc3cc(O)cc(O)c23)[C@@H]1O	XKSZJTQIZHUMGA-HPZFVNCBSA-N	
C43H51N3O11	CO[C@H]1\C=C\O[C@@]2(C)Oc3c(C)c(O)c4c(O)c(NC(=O)\C(C)=C/C=C/[C@H](C)[C@H](O)[C@@H](C)[C@@H](O)[C@@H](C)[C@H](OC(C)=O)[C@@H]1C)c1c(nc5cc(C)ccn15)c4c3C2=O	NZCRJKRKKOLAOJ-XRCRFVBUSA-N	
C12H14Cl2FNO4S	CS(=O)(=O)c1ccc(cc1)[C@@H](O)[C@@H](CF)NC(=O)C(Cl)Cl	AYIRNRDRBQJXIF-NXEZZACHSA-N	
C17H19F2N3O3	CCn1cc(C(O)=O)c(=O)c2cc(F)c(N3CCNC(C)C3)c(F)c12	ZEKZLJVOYLTDKK-UHFFFAOYSA-N	
C16H16N2O6S2	[H][C@@]1(NC(=O)Cc2cccs2)C(=O)N2C(C(O)=O)=C(COC(C)=O)CS[C@]12[H]	XIURVHNZVLADCM-IUODEOHRSA-N	
C25H25NO9	O([C@H]1C[C@H](O)[C@@H](CO1)O)[C@@H]2C=3C(=C(O)C4=C(C3O)C(=O)C=5C(C4=O)=CC=CC5)C[C@](C2)(C(C)=O)N	VJZITPJGSQKZMX-XDPRQOKASA-N	
C20H18N8O8S3	[H]C(=O)CN1C(=O)C(=O)NN=C1S\C=C\C1=C(N2C(=O)[C@@H](NC(=O)C(=N/OC)\C3=CSC(N)=N3)[C@@]2([H])SC1)C(O)=O	WJXAHFZIHLTPFR-JLRJEBFFSA-N	
C7H6N2O2S2	CC(=O)NC1=C2SSC=C2NC1=O	HBUNPJGMNVQSBX-UHFFFAOYSA-N	
C9H10N2O2S2	CCC(=O)NC1=C2SSC=C2N(C)C1=O	UGZYFXMSMFMTSM-UHFFFAOYSA-N	
C8H4O3S2	OC(=O)C1=C2SSC2=CC=CC1=O	BLFCMITWMARUSM-UHFFFAOYSA-N	
C16H17N5O6S2	COC1=CC(=O)N(C1)C(=O)[C@H]1CSC(=N1)C(CO)NC(=O)C1=CSC(\C=N\O)=N1	VQQNQKXWJMRPHT-GMLCBOFYSA-N	
C49H71N7O17	CCCCCCCCOc1ccc(cc1)C(=O)N[C@H]1C[C@@H](O)[C@@H](O)NC(=O)[C@@H]2[C@@H](O)[C@@H](C)CN2C(=O)[C@@H](NC(=O)[C@@H](NC(=O)[C@@H]2C[C@@H](O)CN2C(=O)[C@@H](NC1=O)[C@@H](C)O)[C@H](O)[C@@H](O)c1ccc(O)cc1)[C@@H](C)O	ZKZKCEAHVFVZDJ-MTUMARHDSA-N	
C17H17N3O6S2	[H][C@]12SCC(COC(C)=O)=C(N1C(=O)[C@H]2NC(=O)CSc1ccncc1)C(O)=O	UQLLWWBDSUHNEB-CZUORRHYSA-N	
C21H39NO6	CCCCCCC(=O)CCCCCC\C=C\C[C@@H](O)[C@H](O)[C@@](N)(CO)C(O)=O	ZZIKIHCNFWXKDY-GNTQXERDSA-N	
C7H12N2O4	C1[C@](C(=O)N1)(CC[C@@H](C(=O)O)N)O	BSUXZTMOMIFYBF-FFWSUHOLSA-N	
C20H23N5O6S	[H][C@]12SC(C)(C)[C@@H](N1C(=O)[C@H]2NC(=O)[C@]([H])(NC(=O)N1CCNC1=O)c1ccccc1)C(O)=O	JTWOMNBEOCYFNV-NFFDBFGFSA-N	
C15H17N7O5S3	[H][C@]12SCC(CSc3nnnn3C)=C(N1C(=O)[C@]2(NC(=O)CSCC#N)OC)C(O)=O	SNBUBQHDYVFSQF-HIFRSBDPSA-N	
C16H17N3O4S	[H][C@]12SCC(C)=C(N1C(=O)[C@H]2NC(=O)[C@H](N)c1ccccc1)C(O)=O	ZAIPMKNFIOOWCQ-UEKVPHQBSA-N	
C17H16N3NaO6S2	[Na+].[H][C@]12SCC(COC(C)=O)=C(N1C(=O)[C@H]2NC(=O)CSc1ccncc1)C([O-])=O	VGEOUKPOQQEQSX-OALZAMAHSA-M	
C54H90N6O18	CC(C)[C@@H]1NC(=O)[C@H](C)OC(=O)[C@H](NC(=O)[C@H](OC(=O)[C@@H](NC(=O)[C@H](C)OC(=O)[C@H](NC(=O)[C@H](OC(=O)[C@@H](NC(=O)[C@H](C)OC(=O)[C@H](NC(=O)[C@H](OC1=O)C(C)C)C(C)C)C(C)C)C(C)C)C(C)C)C(C)C)C(C)C)C(C)C	FCFNRCROJUBPLU-DNDCDFAISA-N	
C27H31NO10	COc1cccc2C(=O)c3c(O)c4C[C@](O)(C[C@H](O[C@H]5C[C@H](N)[C@H](O)[C@H](C)O5)c4c(O)c3C(=O)c12)C(C)O	HJEZFVLKJYFNQW-FKKRWUELSA-N	
C17H34N4O10	[H][C@]1(O[C@H](CO)[C@@H](O)[C@H]1O)O[C@@H]1[C@@H](O)[C@H](N)C[C@H](N)[C@H]1O[C@H]1O[C@H](CN)[C@@H](O)[C@H](O)[C@H]1N	NSKGQURZWSPSBC-VVPCINPTSA-N	
C15H23N3O3S	[H]C(=N[C@@H]1C(=O)N2[C@@H](C(O)=O)C(C)(C)S[C@]12[H])N1CCCCCC1	BWWVAEOLVKTZFQ-NTZNESFSSA-N	
C5H11N3O3	C\N=[N+](/[O-])CC[C@H](N)C(O)=O	KFZWEFIJHQUPCM-JMRMDATBSA-N	
C28H36N2O7	CCCCC(C)\C=C(/C)C(=O)NC1=C[C@@](O)(\C=C\C=C\C=C\C(=O)NC2=C(O)CCC2=O)[C@H](O)CC1=O	CCZRQXWCDVXNHR-GFLRHUPZSA-N	
C98H141N25O23S4	[H][C@]1(CS[C@@H](C)[C@@H](NC(=O)[C@@H]2CSC[C@@H](NC(=O)[C@H](C)NC(=O)[C@@H](N)[C@@H](C)CC)C(=O)N[C@@H](CCCCN)C(=O)N[C@@H](Cc3ccccc3)C(=O)N[C@@H]([C@@H](C)CC)C(=O)N2)C(=O)N2CCC[C@@]2([H])C(=O)NCC(=O)N1)C(=O)N[C@@H](C)C(=O)N[C@@H](CCCCN)C(=O)N\C(=C/C)C(=O)NCC(=O)N[C@@H]1CSC[C@@H]2NC(=O)[C@]([H])(Cc3ccc(O)cc3)NC(=O)[C@@H](CS\C=C/NC2=O)NC(=O)[C@H](CC(N)=O)NC(=O)[C@H](Cc2ccccc2)NC1=O	CXTXHTVXPMOOSW-JUEJINBGSA-N	
C5H12N2O3	NCCOC[C@H](N)C(O)=O	SLTGLTLBIVDQKE-BYPYZUCNSA-N	
C46H75NO13	CC[C@H]1[C@@H](O)[C@H](C)C\C(C)=C\C=C\[C@H](OC)[C@H](OC(=O)\C(OC)=C\C(\C)=C\[C@@H](C)[C@H]1O)[C@@H](C)[C@@H](O)[C@H](C)[C@H]1C[C@@H](O[C@H]2C[C@@H](O)[C@H](OC(N)=O)[C@@H](C)O2)[C@H](C)[C@H](O1)\C=C\C	XCZVWWKOXCRUSR-WKCHOFOOSA-N	
C37H60N12O18S	CC(=O)N(O)CCC[C@H](N)C(=O)N[C@@H](CCCN(O)C(C)=O)C(=O)N[C@@H](CCCN(O)C(C)=O)C(=O)N[C@@H](CO)C(=O)N[C@H]([C@H](O)[C@H]1S[C@H]([C@H](O)[C@H]1O)n1ccc(=NC(N)=O)n(C)c1=O)C(O)=O	YXNKTOYTHKJHIU-RREKCFDTSA-N	
C36H59N11O17S	CC(=O)N(O)CCC[C@H](N)C(=O)N[C@@H](CCCN(O)C(C)=O)C(=O)N[C@@H](CCCN(O)C(C)=O)C(=O)N[C@@H](CO)C(=O)N[C@H]([C@H](O)[C@H]1S[C@H]([C@H](O)[C@H]1O)n1ccc(=N)n(C)c1=O)C(O)=O	FUYMILUSQAKDKG-RREKCFDTSA-N	
C15H18F2N6O7S2	N(C(CSC(F)F)=O)[C@@]1(OC)[C@@]2(N(C1=O)C(=C(CO2)CSC=3N(CCO)N=NN3)C(=O)O)[H]	UHRBTBZOWWGKMK-DOMZBBRYSA-N	
C16H21N7O7S3	N(C(CSC[C@H](C(O)=O)N)=O)[C@@]1(OC)[C@@]2(N(C1=O)C(C(O)=O)=C(CS2)CSC=3N(C)N=NN3)[H]	JSDXOWVAHXDYCU-VXSYNFHWSA-N	
C22H29N9O9S2	N(C([C@](NC(=O)N1C(=O)C(=O)N(CC1)CC)([C@H](C)O)[H])=O)[C@@]2(OC)[C@@]3(N(C2=O)C(C(O)=O)=C(CS3)CSC=4N(C)N=NN4)[H]	SMSRCGPDNDCXFR-CYWZMYCQSA-N	
C28H32O12	CO[C@@H]1[C@H](O)[C@@H](O)[C@H](C)O[C@H]1OC1[C@H](OC)[C@](C)(O)CC2=C1C(O)=C1C(=O)C3=C(O)C=C(OC)C=C3C(=O)C1=C2	FAXXYXLNSNAHOO-MICZPBMFSA-N	
C56H71N9O23S	CCCCCOc1ccc(cc1)-c1cc(no1)-c1ccc(cc1)C(=O)N[C@H]1C[C@@H](O)[C@@H](O)NC(=O)[C@@H]2[C@@H](O)[C@@H](C)CN2C(=O)[C@@H](NC(=O)[C@@H](NC(=O)[C@@H]2C[C@@H](O)CN2C(=O)[C@@H](NC1=O)[C@@H](C)O)[C@H](O)[C@@H](O)c1ccc(O)c(OS(O)(=O)=O)c1)[C@H](O)CC(N)=O	PIEUQSKUWLMALL-YABMTYFHSA-N	
C7H5NO3SR2	[H][C@]12SCC([*])=C(N1C(=O)[C@H]2[*])C(O)=O		
C20H34O4	[H][C@]12C[C@@H]3C[C@]1(CC[C@]3(O)CO)[C@@]1(C)CC[C@@H](O)[C@@](C)(CO)[C@]1([H])CC2	NOFOAYPPHIUXJR-APNQCZIXSA-N	
C20H21N7O6S2	[H][C@]12SCC(CSc3nnnn3CC(O)=O)=C(N1C(=O)[C@@]2([H])NC(=O)Cc1ccccc1CN)C(O)=O	SLAYUXIURFNXPG-CRAIPNDOSA-N	
C15H17N5O6S2	[H][C@]12SCC(COC)=C(N1C(=O)[C@H]2NC(=O)C(=N/OC)\c1csc(N)n1)C(O)=O	WYUSVOMTXWRGEK-HBWVYFAYSA-N	
C38H69NO13	[H][C@@]1(C[C@@](C)(OC)[C@@H](O)[C@H](C)O1)O[C@H]1[C@H](C)[C@@H](O[C@]2([H])O[C@H](C)C[C@@H]([C@H]2O)N(C)C)[C@@](C)(C[C@@H](C)C(=O)[C@H](C)[C@@H](O)[C@](C)(O)[C@@H](CC)OC(=O)[C@@H]1C)OC	AGOYDEPGAOXOCK-KCBOHYOISA-N	
C34H50N4O9S	[H][C@]12[C@@H](CCN1C(=O)C1=COC(CC(=O)C[C@H](O)\C=C(/C)\C=C\CNC(=O)\C=C\[C@@H](C)[C@H](OC2=O)C(C)C)=N1)S(=O)(=O)CCN(CC)CC	SUYRLXYYZQTJHF-VMBLUXKRSA-N	
C21H19F2N3O3	C12=C(C(C(C(O)=O)=CN1C3=CC=C(C=C3)F)=O)C=C(F)C(=C2)N4CCN(CC4)C	NOCJXYPHIIZEHN-UHFFFAOYSA-N	
C19H22FN3O4	COc1c(N2CCNC(C)C2)c(F)cc2c1n(cc(C(O)=O)c2=O)C1CC1	XUBOMFCQGDBHNK-UHFFFAOYSA-N	
C33H47NO13	[H][C@@]12C[C@H](O)C[C@]3(O)C[C@H](O)[C@@H](C(O)=O)[C@]([H])(C[C@@H](O[C@@H]4O[C@H](C)[C@@H](O)[C@H](N)[C@@H]4O)\C=C\C=C\C=C\C=C\C[C@@H](C)OC(=O)\C=C\[C@H]1O2)O3	NCXMLFZGDNKEPB-FFPOYIOWSA-N	
C8H8Cl3N3O4S2	C12=C(NC(C(Cl)Cl)NS1(=O)=O)C=C(Cl)C(=C2)S(N)(=O)=O	LMJSLTNSBFUCMU-UHFFFAOYSA-N	
C20H15F3N4O3	N[C@H]1[C@@H]2CN(C[C@H]12)c1nc2n(cc(C(O)=O)c(=O)c2cc1F)-c1ccc(F)cc1F	WVPSKSLAZQPAKQ-CDMJZVDBSA-N	
C57H102N16Na5O28S5R	C(C(N[C@H](C(N[C@H](C(N[C@H](C(N[C@@H]1C(N[C@H](C(N[C@@H](C(N[C@H](C(N[C@H](C(N[C@H](C(N[C@H](C(=O)NCC1)[C@@H](C)O)=O)CCNCS([O-])(=O)=O)=O)CCNCS([O-])(=O)=O)=O)CC(C)C)=O)CC(C)C)=O)CCNCS([O-])(=O)=O)=O)=O)CCNCS([O-])(=O)=O)=O)[C@@H](C)O)=O)CCNCS([O-])(=O)=O)=O)CCC[C@@H](C*)C.[Na+].[Na+].[Na+].[Na+].[Na+]		
C16H25N2NaO5S	[Na+].CC1(C)C[C@@H]1C(=O)N\C(C(O)=O)=C/CCCCSC[C@H](N)C([O-])=O	QXPBTTUOVWMPJN-QBNHLFMHSA-M	
C23H25ClN2O9	[H][C@@]12C[C@@]3([H])C(C(=O)c4c(O)ccc(Cl)c4[C@@]3(C)O)=C(O)[C@]1(O)C(=O)C(C(=O)NCO)=C(O)[C@H]2N(C)C	GJGDLRSSCNAKGL-KMVLDZISSA-N	
C21H22Cl2N2O8	Cl.[H][C@]12C[C@@]3([H])[C@H](N(C)C)C(O)=C(C(N)=O)C(=O)[C@@]3(O)C(O)=C1C(=O)c1c(O)ccc(Cl)c1[C@H]2O	GVSJQNRGSCOSNJ-KBHRXELFSA-N	
C17H23N3O5	NCCCCNC(=O)[C@H](Cc1ccccc1)NC(=O)[C@H]1O[C@@H]1C(O)=O	ZERGYHMBBZCBJM-IHRRRGAJSA-N	
C17H23N3O6	NCCCCNC(=O)[C@H](Cc1ccc(O)cc1)NC(=O)[C@H]1O[C@@H]1C(O)=O	JAJMETBQBCMJSZ-IHRRRGAJSA-N	
C20H26N2O4S2	CO[C@@H](\C=C\c1csc(n1)-c1csc(n1)C(C)C)[C@@H](C)C(\OC)=C/C(=O)OC	LRTJMINIVSPVMX-ZVJWTWILSA-N	
C81H150O28	CC(O)CCCCCCCCCCCCCCC(CCCCCCCCCCCCCC1CC(=O)OC[C@H]2O[C@@H](OC(CCCCCCCCCCCCCC(CCCCCC(C)O)O[C@@H]3O[C@H](CO)[C@@H](O)[C@H](O)[C@H]3O)CC(=O)OC[C@H]3O[C@@H](O1)[C@H](O)[C@@H](O)[C@@H]3O)[C@H](O)[C@@H](O)[C@@H]2O)O[C@@H]1O[C@H](CO)[C@@H](O)[C@H](O)[C@H]1O	YQYKMOMCJFNBBQ-MJSFJGRCSA-N	
C13H11N3O5S2	CN1C(=O)[C@@]23Cc4ccc(cc4N2C(=O)[C@]1(CO)SS3)[N+]([O-])=O	VRFJINVAZRAFHH-STQMWFEESA-N	
C43H46O14	[H][C@]1(O[C@@H](C)C(=O)C=C1)O[C@H]1CC[C@@H](O[C@H]1C)O[C@@]1(C)CC(=O)c2c(C1)ccc1C(=O)c3c(O)c(ccc3C(=O)c21)[C@H]1C[C@@]2([H])O[C@@]3([H])CC(=O)[C@H](C)O[C@@]3([H])O[C@]2([H])[C@@H](C)O1	YXQYFVURWVZIMD-CZMJNFCQSA-N	
C27H43NO6	CCC[C@H](O)C[C@@H]1CC[C@H](C)CCCCC(=O)N(C)[C@@H](Cc2ccc(OCCO)cc2)C(=O)O1	SDBGPLZSWIQIOV-VQPAQMSKSA-N	
C27H43NO5	CCCCC[C@@H]1CC[C@H](C)CCCCC(=O)N(C)[C@@H](Cc2ccc(OCCO)cc2)C(=O)O1	PCRJJAXIHTZHNU-SDUSCBPUSA-N	
C47H66O16	CCCCC\C=C\C=C\C(=O)OC[C@H]1O[C@@H](O[C@@H]2[C@@H](CO)O[C@]3(OCc4cc(O)cc(O)c34)[C@H](O)[C@H]2OC(=O)\C=C\C=C\C[C@H](O)C(\C)=C\C=C\CC[C@@H](C)CC)[C@H](O)[C@@H](O)[C@H]1O	DPVWBQZOSHCQTG-NVTMJBNDSA-N	
C47H64O17	CC[C@H](C)CC\C=C\C=C(/C)[C@@H](O)C\C=C\C=C\C(=O)O[C@@H]1[C@@H](O)[C@@]2(OCc3cc(O)cc(O)c23)O[C@H](CO)[C@H]1O[C@@H]1O[C@H](COC(=O)\C=C\C=C\C=C\C(O)CC)[C@H](O)[C@H](O)[C@H]1O	UJLFRJFJTPPIOK-JPWNLYTBSA-N	
C15H21NO3	C[C@H]1C[C@@H](C)[C@@H]([C@H](C1)C=C)c1c(O)ccn(O)c1=O	OQJADHLOEAOIGC-NOHGZBONSA-N	
C20H19FN4O4	OC(=O)c1cn(C2CC2)c2c(C#N)c(N3C[C@@H]4NCCO[C@H]4C3)c(F)cc2c1=O	FYMHQCNFKNMJAV-HOTGVXAUSA-N	
C10H8N4O5	N1(CC(NC1=O)=O)N=CC=CC=2OC(=CC2)[N+]([O-])=O	DECBQELQORZLLP-UHFFFAOYSA-N	
C16H17FN4O4	C12=C3N(C=C(C(O)=O)C1=O)NCOC3=C(N4CCN(CC4)C)C(F)=C2	LPVVTHNMXSEIFM-UHFFFAOYSA-N	
C21H43N5O7	CCN[C@@H]1C[C@H](N)[C@@H](O[C@H]2O[C@H](CN)CC[C@H]2N)[C@H](O)[C@H]1O[C@H]1OC[C@](C)(O)[C@H](NC)[C@H]1O	NZGMVSJQULXLHF-RAKCNUBFSA-N	
C23H30N12O8S2	C=1(N2[C@](SCC1C[N+]=3N(C(=C(C3)NC(NCCN)=O)N)C)([C@@H](C2=O)NC(/C(/C4=NSC(=N4)N)=N\OC(C(=O)O)(C)C)=O)[H])C([O-])=O	JHFNIHVVXRKLEF-DCZLAGFPSA-N	
C31H38N2O11	O1C([C@H](CC=2C=CC=CC2)[C@H]([C@@H](OC([C@H](C1)NC(C=3N=CC=C(C3OCOC(C(C)C)=O)OC)=O)=O)C)OC(=O)C(C)C)=O	QGTOTYJSCYHYFK-RBODFLQRSA-N	
C13H11NO5	CCn1cc(C(O)=O)c(=O)c2cc3OCOc3cc12	KYGZCKSPAKDVKC-UHFFFAOYSA-N	
C15H11NO2	C=1C=CC=C2C1C(=C(C(N2)=O)O)C=3C=CC=CC3	QSRVMXWVVMILDI-UHFFFAOYSA-N	
C20H19N3O2	[H][C@@]12CCCN1C(=O)C1=C(N[C@@]2([H])C2=CNC3=CC=CC=C23)C(O)=CC=C1	AJZNARCWDDMOPL-WMZOPIPTSA-N	
C8H8N2O2S2	CN1C(=O)C(NC(C)=O)=C2SSC=C12	MHMRAFONCSQAIA-UHFFFAOYSA-N	
C10H13FN6O6S	NC1=C2N=CN([C@@H]3O[C@](F)(COS(N)(=O)=O)[C@@H](O)[C@H]3O)C2=NC=N1	LTBCQBSAWAZBDF-MLTZYSBQSA-N	
C4H10NO5P	ON(CCCP(O)(O)=O)C=O	GJXWDTUCERCKIX-UHFFFAOYSA-N	
C16H15N5O7S2	[H][C@]12SCC(C=C)=C(N1C(=O)[C@H]2NC(=O)C(=N/OCC(O)=O)\c1csc(N)n1)C(O)=O	OKBVVJOGVLARMR-QSWIMTSFSA-N	
C47H64O17	CC[C@H](C)CC\C=C\C=C(/C)[C@@H](O)C\C=C\C=C\C(=O)O[C@@H]1[C@@H](O)[C@@]2(OCc3cc(O)cc(O)c23)O[C@H](CO)[C@H]1O[C@@H]1O[C@H](COC(=O)\C=C\C=C/C=C/C(O)CC)[C@H](O)[C@H](O)[C@H]1O	UJLFRJFJTPPIOK-RZGJRGQUSA-N	
C17H17N7O8S4	[H][C@]12SCC(CSc3nnnn3C)=C(N1C(=O)[C@]2(NC(=O)C1SC(S1)=C(C(N)=O)C(O)=O)OC)C(O)=O	SRZNHPXWXCNNDU-IXOPCIAXSA-N	
C22H24N2O8	[H][C@@]12[C@@H](C)c3cccc(O)c3C(=O)C1=C(O)[C@]1(O)C(=O)C(C(N)=O)=C(O)[C@@H](N(C)C)[C@]1([H])[C@H]2O	JBIWCJUYHHGXTC-AKNGSSGZSA-N	
C27H30N2O7	[H][C@]12O[C@@]1([H])[C@@](O)(C=C(NC(=O)\C=C\C=C\CC(C)C)C2=O)\C=C\C=C\C=C\C(=O)NC1=C(O)CCC1=O	NUTSBYCZDOSSIV-FFXBEMEVSA-N	
C8H8KNO5	[K+].OC\C=C1/O[C@@H]2CC(=O)N2[C@H]1C([O-])=O	ABVRVIZBZKUTMK-JSYANWSFSA-M	
C13H24N6O3	CC(C)C(C(=O)NC(C1CC(C2N1C2)NC(N)=N)C(=O)O)N	DGIHWRUPUISVIZ-UHFFFAOYSA-N	
C26H44O9	C[C@H](O)[C@H](C)[C@@H]1O[C@H]1C[C@H]1CO[C@@H](C\C(C)=C\C(=O)OCCCCCCCCC(O)=O)[C@H](O)[C@@H]1O	MINDHVHHQZYEEK-HBBNESRFSA-N	
C23H45N5O14	NC[C@@H]1O[C@H](O[C@@H]2[C@@H](CO)O[C@@H](O[C@@H]3[C@@H](O)[C@H](N)C[C@H](N)[C@H]3O[C@H]3O[C@H](CO)[C@@H](O)[C@H](O)[C@H]3N)[C@@H]2O)[C@H](N)[C@@H](O)[C@@H]1O	UOZODPSAJZTQNH-LSWIJEOBSA-N	
C42H59N3O10	[C@@H]1(O[C@@H]2[C@H](C(=O)[C@H](C(O[C@@H]([C@@]3([C@H](NC(=O)O3)[C@H](C(=O)[C@H](C)C[C@]2(OCC(=C(C4=CC5=C(N=C4)C=CC=C5)[H])[H])C)C)C)CC)=O)C)C)O[C@@H](C[C@@H]([C@H]1O)N(C)C)C	PENDGIOBPJLVBT-AMXFZXBBSA-N	
C21H21ClN2O8	[H][C@]12C[C@@]3([H])[C@H](N(C)C)C(O)=C(C(N)=O)C(=O)[C@@]3(O)C(O)=C1C(=O)c1c(O)ccc(Cl)c1[C@H]2O	FMTDIUIBLCQGJB-SEYHBJAFSA-N	
C52H97N16O13R	C(C(N[C@H](C(N[C@H](C(N[C@H](C(N[C@@H]1C(N[C@H](C(N[C@@H](C(N[C@H](C(N[C@H](C(N[C@H](C(N[C@H](C(=O)NCC1)[C@@H](C)O)=O)CCN)=O)CCN)=O)CC(C)C)=O)CC(C)C)=O)CCN)=O)=O)CCN)=O)[C@@H](C)O)=O)CCN)=O)CCC[C@@H](C*)C		
C19H18N6O5S3	[H][C@]12SCC(\C=C/c3scnc3C)=C(N1C(=O)[C@H]2NC(=O)C(=N/OC)\c1csc(N)n1)C(O)=O	KMIPKYQIOVAHOP-YLGJWRNMSA-N	
C57H107N16O28S5R	C(C(N[C@H](C(N[C@H](C(N[C@H](C(N[C@@H]1C(N[C@H](C(N[C@@H](C(N[C@H](C(N[C@H](C(N[C@H](C(N[C@H](C(=O)NCC1)[C@@H](C)O)=O)CCNCS(O)(=O)=O)=O)CCNCS(O)(=O)=O)=O)CC(C)C)=O)CC(C)C)=O)CCNCS(O)(=O)=O)=O)=O)CCNCS(O)(=O)=O)=O)[C@@H](C)O)=O)CCNCS(O)(=O)=O)=O)CCC[C@@H](C*)C		
C22H18O6	CC[C@@H](C)c1cc(=O)c2c(CO)cc3C(=O)c4cccc(O)c4C(=O)c3c2o1	HXAZTNIVBVVFJS-SNVBAGLBSA-N	
C22H21N8O8PS4	[H][C@]12SCC(Sc3nc(cs3)-c3cc[n+](C)cc3)=C(N1C(=O)[C@H]2NC(=O)C(=N/OCC)\c1nsc(NP(O)(O)=O)n1)C([O-])=O	ZCCUWMICIWSJIX-NQJJCJBVSA-N	
C21H43O9P	CCC(C)CCCCCCCCCCC(=O)OCC(O)COP(O)(=O)OCC(O)CO	DIGHTWUQPWHBPG-UHFFFAOYSA-N	
C7H6O4	OC1OCC=C2OC(=O)C=C12	ZRWPUFFVAOMMNM-UHFFFAOYSA-N	
C20H22N8O6S2	C=1(N2[C@](SCC1/C=C/3\CCN(C3=O)[C@]4(CNCC4)[H])([C@@](C2=O)(NC(/C(/C5=NSC(=N5)N)=N\O)=O)[H])[H])C(O)=O	VOAZJEPQLGBXGO-SDAWRPRTSA-N	
C29H39N5O8	[H][C@@]12Cc3c(cc(NC(=O)CNC(C)(C)C)c(O)c3C(=O)C1=C(O)[C@]1(O)C(=O)C(C(N)=O)=C(O)[C@@H](N(C)C)[C@]1([H])C2)N(C)C	FPZLLRFZJZRHSY-HJYUBDRYSA-N	
C17H20O6	COc1c(C)c2COC(=O)c2c(O)c1C\C=C(/C)CCC(O)=O	HPNSFSBZBAHARI-RUDMXATFSA-N	
C3H6N2O2	[H][C@@]1(N)CONC1=O	DYDCUQKUCUHJBH-UWTATZPHSA-N	
C59H80N4O22S4	[H][C@@]1(O[C@@H]2O[C@H](C)[C@@H](NO[C@H]3C[C@H](O)[C@H](SC)[C@@H](C)O3)[C@H](O)[C@H]2O[C@H]2C[C@H](OC)[C@H](CO2)NC(C)C)C#C\C=C/C#C[C@]2(O)[C@H](O[C@H]3C[C@H](OC(=O)c4cc(OC)c(OC)cc4NC(=O)C(=C)OC)[C@H](O)[C@H](C)O3)C(=O)C(NC(=O)OC)=C1/C2=C\CSSSC	LJQQFQHBKUKHIS-KSFFZXMPSA-N	
C16H26N2O5S	CC1(C)C[C@@H]1C(=O)N\C(C(O)=O)=C/CCCCSC[C@H](N)C(O)=O	DHSUYTOATWAVLW-WFVMDLQDSA-N	
